id,name,brand,nationality,cuisine,category,serving_size,serving_unit,calories,protein_g,carbs_g,fat_g,fiber_g,sugar_g,sodium_mg,cholesterol_mg,tags,created_at,updated_at,meal_types,allergens,diets_allowed,ingredients
1,Frozen French Fries,,,,Frozen Food,100,g,312,3.4,41,15,,,,,"[""classic"", ""fries""]",09-01-26,09-01-26,"[""lunch"", ""dinner""]",[],"[""vegan""]","[""Potatoes"", ""oil""]"
2,Frozen Sweet Potato Fries,,,,Frozen Food,100,g,295,2,39,14,,,,,"[""sweet"", ""variant""]",09-01-26,09-01-26,"[""lunch"", ""dinner""]",[],"[""vegan""]","[""Sweet potato"", ""oil""]"
3,Frozen Mixed Vegetables,,,,Frozen Food,150,g,110,5,20,0.5,,,,,"[""steam-ready""]",09-01-26,09-01-26,"[""lunch"", ""dinner""]",[],"[""vegan""]","[""Veg mix""]"
4,Frozen Peas,,,,Frozen Food,150,g,110,8,20,0.6,,,,,"[""side"", ""staple""]",09-01-26,09-01-26,"[""lunch"", ""dinner""]",[],"[""vegan""]","[""Peas""]"
5,Frozen Corn,,,,Frozen Food,150,g,120,4,26,1,,,,,"[""sweet"", ""kernels""]",09-01-26,09-01-26,"[""lunch"", ""dinner""]",[],"[""vegan""]","[""Corn""]"
6,Frozen Spinach,,,,Frozen Food,150,g,60,5,8,0.7,,,,,"[""chopped""]",09-01-26,09-01-26,"[""lunch"", ""dinner""]",[],"[""vegan""]","[""Spinach""]"
7,Frozen Broccoli,,,,Frozen Food,150,g,52,4,10,0.6,,,,,"[""florets""]",09-01-26,09-01-26,"[""lunch"", ""dinner""]",[],"[""vegan""]","[""Broccoli""]"
8,Frozen Cauliflower,,,,Frozen Food,150,g,40,3,8,0.3,,,,,"[""neutral"", ""veg""]",09-01-26,09-01-26,"[""lunch"", ""dinner""]",[],"[""vegan""]","[""Cauliflower""]"
9,Frozen Mixed Berries,,,,Frozen Food,100,g,57,1,14,0.3,,,,,"[""smoothies""]",09-01-26,09-01-26,"[""lunch"", ""dinner""]",[],"[""vegan""]","[""Berries""]"
10,Frozen Mango,,,,Frozen Food,100,g,60,0.8,15,0.4,,,,,"[""dessert"", ""fruit""]",09-01-26,09-01-26,"[""lunch"", ""dinner""]",[],"[""vegan""]","[""Mango""]"
11,Frozen Chicken Nuggets,,,,Frozen Food,100,g,290,15,20,15,,,,,"[""kids"", ""favorite""]",09-01-26,09-01-26,"[""lunch"", ""dinner""]","[""wheat""]",[],"[""Chicken"", ""breading""]"
12,Frozen Chicken Strips,,,,Frozen Food,100,g,260,18,18,12,,,,,"[""crunchy""]",09-01-26,09-01-26,"[""lunch"", ""dinner""]","[""wheat""]",[],"[""Chicken"", ""breading""]"
13,Frozen Chicken Burgers,,,,Frozen Food,100,g,230,18,6,14,,,,,"[""patties""]",09-01-26,09-01-26,"[""lunch"", ""dinner""]",[],[],"[""Chicken""]"
14,Frozen Beef Burgers,,,,Frozen Food,100,g,250,20,0,18,,,,,"[""grilling""]",09-01-26,09-01-26,"[""lunch"", ""dinner""]",[],"[""gluten-free""]","[""Beef""]"
15,Frozen Kofta Patties,,,,Frozen Food,100,g,270,17,4,20,,,,,"[""lebanese"", ""spice""]",09-01-26,09-01-26,"[""lunch"", ""dinner""]",[],"[""gluten-free""]","[""Beef/lamb"", ""spices""]"
16,Frozen Falafel,,,,Frozen Food,100,g,330,12,36,16,,,,,"[""fry/bake""]",09-01-26,09-01-26,"[""lunch"", ""dinner""]",[],"[""vegan""]","[""Chickpeas""]"
17,Frozen Spring Rolls (Veg),,,,Frozen Food,100,g,250,6,28,12,,,,,"[""appetizer""]",09-01-26,09-01-26,"[""snack""]","[""wheat""]","[""vegetarian""]","[""Veg"", ""wrappers""]"
18,Frozen Samosas (Veg),,,,Frozen Food,100,g,260,6,30,12,,,,,"[""snack""]",09-01-26,09-01-26,"[""snack""]","[""wheat""]","[""vegetarian""]","[""Veg"", ""pastry""]"
19,Frozen Mozzarella Sticks,,,,Frozen Food,100,g,300,16,22,16,,,,,"[""cheesy""]",09-01-26,09-01-26,"[""lunch"", ""dinner""]","[""wheat"", ""milk""]","[""vegetarian""]","[""Cheese"", ""crumbs""]"
20,Frozen Garlic Bread,,,,Frozen Food,60,g,190,5,22,9,,,,,"[""side""]",09-01-26,09-01-26,"[""lunch"", ""dinner""]","[""wheat"", ""milk""]","[""vegetarian""]","[""Bread"", ""butter""]"
21,Frozen Pizza Margherita,,,,Frozen Food,100,g,260,11,30,10,,,,,"[""ready"", ""pizza""]",09-01-26,09-01-26,"[""lunch"", ""dinner""]","[""wheat"", ""milk""]","[""vegetarian""]","[""Dough"", ""cheese""]"
22,Frozen Veg Pizza,,,,Frozen Food,100,g,250,10,32,9,,,,,"[""toppings""]",09-01-26,09-01-26,"[""lunch"", ""dinner""]","[""wheat"", ""milk""]","[""vegetarian""]","[""Veg"", ""cheese""]"
23,Frozen Beef Lasagna,,,,Frozen Food,250,g,450,22,40,22,,,,,"[""meal""]",09-01-26,09-01-26,"[""lunch"", ""dinner""]","[""wheat"", ""milk""]",[],"[""Pasta"", ""beef""]"
24,Frozen Veg Lasagna,,,,Frozen Food,250,g,360,15,45,12,,,,,"[""meal""]",09-01-26,09-01-26,"[""lunch"", ""dinner""]","[""wheat"", ""milk""]","[""vegetarian""]","[""Pasta"", ""veg""]"
25,Frozen Fish Fillet (White),,,,Frozen Food,100,g,105,22,0,2,,,,,"[""mild""]",09-01-26,09-01-26,"[""lunch"", ""dinner""]","[""fish""]","[""gluten-free""]","[""Fish""]"
26,Frozen Breaded Fish,,,,Frozen Food,100,g,220,12,18,12,,,,,"[""crunchy""]",09-01-26,09-01-26,"[""lunch"", ""dinner""]","[""fish"", ""wheat""]",[],"[""Fish"", ""crumbs""]"
27,Frozen Shrimp,,,,Frozen Food,100,g,99,24,0,0.3,,,,,"[""quick"", ""cook""]",09-01-26,09-01-26,"[""lunch"", ""dinner""]","[""shellfish""]","[""gluten-free""]","[""Shrimp""]"
28,Frozen Salmon Fillet,,,,Frozen Food,100,g,208,20,0,13,,,,,"[""omega-3""]",09-01-26,09-01-26,"[""lunch"", ""dinner""]","[""fish""]","[""gluten-free""]","[""Salmon""]"
29,Frozen Calamari Rings,,,,Frozen Food,100,g,175,15,8,9,,,,,"[""fry""]",09-01-26,09-01-26,"[""lunch"", ""dinner""]","[""shellfish""]",[],"[""Squid""]"
30,Frozen Chicken Shawarma Strips,,,,Frozen Food,100,g,180,20,1,10,,,,,"[""lebanese""]",09-01-26,09-01-26,"[""lunch"", ""dinner""]",[],"[""gluten-free""]","[""Chicken"", ""spices""]"
31,Frozen Chicken Wings,,,,Frozen Food,100,g,290,17,0,23,,,,,"[""party""]",09-01-26,09-01-26,"[""lunch"", ""dinner""]",[],"[""gluten-free""]","[""Chicken""]"
32,Frozen Meatballs,,,,Frozen Food,100,g,240,16,6,17,,,,,"[""sauces""]",09-01-26,09-01-26,"[""lunch"", ""dinner""]",[],"[""gluten-free""]","[""Beef""]"
33,Frozen Stuffed Grape Leaves,,,,Frozen Food,200,g,320,6,50,10,,,,,"[""mezze""]",09-01-26,09-01-26,"[""lunch"", ""dinner""]",[],"[""vegan""]","[""Rice"", ""leaves""]"
34,Frozen Kibbeh,,,,Frozen Food,100,g,310,14,25,16,,,,,"[""classic""]",09-01-26,09-01-26,"[""lunch"", ""dinner""]","[""wheat""]",[],"[""Meat"", ""bulgur""]"
35,Frozen Manti Dumplings,,,,Frozen Food,200,g,360,16,40,12,,,,,"[""dumplings""]",09-01-26,09-01-26,"[""lunch"", ""dinner""]","[""wheat""]",[],"[""Dough"", ""meat""]"
36,Frozen Fries (Crinkle),,,,Frozen Food,100,g,315,3,42,15,,,,,"[""shape""]",09-01-26,09-01-26,"[""lunch"", ""dinner""]",[],"[""vegan""]","[""Potatoes""]"
37,Frozen Hash Browns,,,,Frozen Food,100,g,280,3,30,16,,,,,"[""breakfast""]",09-01-26,09-01-26,"[""breakfast""]",[],"[""vegan""]","[""Potatoes""]"
38,Frozen Onion Rings,,,,Frozen Food,100,g,310,4,36,16,,,,,"[""snack""]",09-01-26,09-01-26,"[""snack""]","[""wheat""]","[""vegetarian""]","[""Onion"", ""batter""]"
39,Frozen Waffles,,,,Frozen Food,90,g,240,6,36,8,,,,,"[""sweet""]",09-01-26,09-01-26,"[""lunch"", ""dinner""]","[""wheat"", ""eggs""]","[""vegetarian""]","[""Wheat"", ""eggs""]"
40,Frozen Pancakes,,,,Frozen Food,90,g,230,6,34,7,,,,,"[""breakfast""]",09-01-26,09-01-26,"[""breakfast""]","[""wheat"", ""eggs""]","[""vegetarian""]","[""Wheat"", ""eggs""]"
41,Frozen Croissants,,,,Frozen Food,80,g,300,6,28,18,,,,,"[""bakery""]",09-01-26,09-01-26,"[""lunch"", ""dinner""]","[""wheat"", ""milk""]","[""vegetarian""]","[""Butter dough""]"
42,Frozen Puff Pastry,,,,Frozen Food,100,g,558,6,45,38,,,,,"[""base""]",09-01-26,09-01-26,"[""lunch"", ""dinner""]","[""wheat"", ""milk""]","[""vegetarian""]","[""Butter dough""]"
43,Frozen Meat Pies,,,,Frozen Food,120,g,340,14,28,18,,,,,"[""snack""]",09-01-26,09-01-26,"[""snack""]","[""wheat""]",[],"[""Dough"", ""meat""]"
44,Frozen Veg Patties,,,,Frozen Food,100,g,220,8,24,10,,,,,"[""burger"", ""alt""]",09-01-26,09-01-26,"[""lunch"", ""dinner""]",[],"[""vegan""]","[""Veg""]"
45,Frozen Cheese Pizza Slices,,,,Frozen Food,120,g,300,12,34,12,,,,,"[""slice""]",09-01-26,09-01-26,"[""lunch"", ""dinner""]","[""wheat"", ""milk""]","[""vegetarian""]","[""Dough"", ""cheese""]"
46,Frozen Fries (Shoestring),,,,Frozen Food,100,g,310,3,41,15,,,,,"[""thin""]",09-01-26,09-01-26,"[""lunch"", ""dinner""]",[],"[""vegan""]","[""Potatoes""]"
47,Frozen Spinach Pie,,,,Frozen Food,200,g,380,12,40,18,,,,,"[""fatayer""]",09-01-26,09-01-26,"[""lunch"", ""dinner""]","[""wheat"", ""milk""]","[""vegetarian""]","[""Spinach"", ""pastry""]"
48,Frozen Cheese Sambousek,,,,Frozen Food,120,g,360,12,32,20,,,,,"[""mezze""]",09-01-26,09-01-26,"[""lunch"", ""dinner""]","[""wheat"", ""milk""]","[""vegetarian""]","[""Cheese pastry""]"
49,Frozen Meat Sambousek,,,,Frozen Food,120,g,380,16,30,22,,,,,"[""mezze""]",09-01-26,09-01-26,"[""lunch"", ""dinner""]","[""wheat""]",[],"[""Meat pastry""]"
50,Frozen Mixed Grill (Ready),,,,Frozen Food,300,g,720,40,10,50,,,,,"[""bbq""]",09-01-26,09-01-26,"[""lunch"", ""dinner""]",[],"[""gluten-free""]","[""Meat mix""]"
51,Gandour Unica Bar,,,,,,25,,130,1,15,7,,,,"[""classic"", ""lebanese"", ""treat""]",09-01-26,09-01-26,"[""snack""]","[""wheat"", ""milk""]","[""vegetarian""]","[""Wafer"", ""chocolate coating""]"
52,Al Rifai Mixed Nuts (Roasted),,,,,,30,,180,5,6,15,,,,"[""local"", ""nut"", ""blend""]",09-01-26,09-01-26,"[""snack""]","[""tree nuts""]","[""vegan""]","[""Almonds"", ""cashews"", ""pistachios""]"
53,Bonjus Strawberry Ice Cream Cup,,,,,,100,,210,3,28,10,,,,"[""childhood"", ""classic""]",09-01-26,09-01-26,"[""snack""]","[""milk""]","[""vegetarian""]","[""Milk"", ""sugar"", ""strawberry""]"
54,Master Chips (Salted),,,,,,28,,150,2,15,9,,,,"[""lebanese"", ""brand""]",09-01-26,09-01-26,"[""snack""]",[],"[""vegan""]","[""Potatoes"", ""oil"", ""salt""]"
55,Poppins Cereal Bar Chocolate,,,,,,25,,110,2,18,3,,,,"[""on-the-go"", ""snack""]",09-01-26,09-01-26,"[""snack""]","[""wheat""]","[""vegetarian""]","[""Oats"", ""cocoa"", ""honey""]"
56,Ülker Biskrem Cookies,,,,,,30,,140,2,18,7,,,,"[""filled"", ""cookie""]",09-01-26,09-01-26,"[""snack""]","[""wheat"", ""milk""]","[""vegetarian""]","[""Wheat"", ""chocolate filling""]"
57,Gandour Tarboosh (Ras el Abed),,,,,,30,,135,1,20,6,,,,"[""nostalgic"", ""snack""]",09-01-26,09-01-26,"[""snack""]","[""milk"", ""eggs""]","[""vegetarian""]","[""Chocolate"", ""marshmallow""]"
58,Nutella B-Ready,,,,,,22,,120,2,13,6,,,,"[""crunchy"", ""treat""]",09-01-26,09-01-26,"[""snack""]","[""wheat"", ""tree nuts"", ""milk""]","[""vegetarian""]","[""Wheat"", ""hazelnuts"", ""milk""]"
59,Al Kazzi Pumpkin Seeds,,,,,,30,,170,7,4,14,,,,"[""local"", ""brand""]",09-01-26,09-01-26,"[""snack""]",[],"[""vegan""]","[""Pumpkin seeds"", ""salt""]"
60,Lay's Forno Chips (Tomato),,,,,,25,,110,2,18,3,,,,"[""baked"", ""chips""]",09-01-26,09-01-26,"[""snack""]",[],"[""vegan""]","[""Potato flour"", ""tomato seasoning""]"
61,Gandour Lulu Cake (Plain),,,,,,30,,140,2,20,6,,,,"[""sponge"", ""cake""]",09-01-26,09-01-26,"[""snack""]","[""wheat"", ""eggs""]","[""vegetarian""]","[""Flour"", ""eggs"", ""sugar""]"
62,Nestlé KitKat (2 Finger),,,,,,20,,105,1,12,6,,,,"[""popular"", ""chocolate""]",09-01-26,09-01-26,"[""snack""]","[""milk"", ""soy""]","[""vegetarian""]","[""Cocoa"", ""sugar"", ""milk""]"
63,Al Rifai Coated Chickpeas,,,,,,30,,150,5,18,6,,,,"[""savory"", ""snack""]",09-01-26,09-01-26,"[""snack""]","[""wheat""]","[""vegetarian""]","[""Chickpeas"", ""flour""]"
64,Nutisal Dry Roasted Peanuts,,,,,,30,,160,7,6,13,,,,"[""no"", ""oil"", ""added""]",09-01-26,09-01-26,"[""snack""]","[""peanuts""]","[""vegan""]","[""Peanuts""]"
65,Gandour Tea Biscuits,,,,,,25,,120,2,20,3,,,,"[""dipping"", ""biscuits""]",09-01-26,09-01-26,"[""snack""]","[""wheat""]","[""vegetarian""]","[""Wheat"", ""sugar""]"
66,Al Kazzi Corn Chips (Chili),,,,,,30,,130,2,22,4,,,,"[""spicy"", ""bite""]",09-01-26,09-01-26,"[""snack""]",[],"[""vegan""]","[""Corn"", ""chili powder""]"
67,Bonjus Vanilla Ice Cream Cone,,,,,,120,,230,4,30,11,,,,"[""classic"", ""cone""]",09-01-26,09-01-26,"[""snack""]","[""milk"", ""wheat""]","[""vegetarian""]","[""Milk"", ""cone"", ""vanilla""]"
68,Gandour Safari Fruit Rolls,,,,,,20,,90,0,20,0,,,,"[""lebanese"", ""fruit"", ""snack""]",09-01-26,09-01-26,"[""snack""]",[],"[""vegan""]","[""Fruit puree""]"
69,Pringles Sour Cream & Onion,,,,,,40,,210,2,20,14,,,,"[""global"", ""brand""]",09-01-26,09-01-26,"[""snack""]","[""milk""]","[""vegetarian""]","[""Potato"", ""dairy flavor""]"
70,Reese's Peanut Butter Cup,,,,,,21,,120,3,12,7,,,,"[""sweet"", ""salty""]",09-01-26,09-01-26,"[""snack""]","[""peanuts"", ""milk""]","[""vegetarian""]","[""Peanut butter"", ""chocolate""]"
71,Al Kazzi Coated Peanuts (BBQ),,,,,,30,,160,5,14,9,,,,"[""flavored"", ""nuts""]",09-01-26,09-01-26,"[""snack""]","[""peanuts"", ""wheat""]","[""vegetarian""]","[""Peanuts"", ""coating""]"
72,Oreo Mini Pack,,,,,,23,,110,1,16,5,,,,"[""sandwich"", ""cookies""]",09-01-26,09-01-26,"[""snack""]","[""wheat"", ""milk"", ""soy""]","[""vegetarian""]","[""Cocoa"", ""sugar"", ""oil""]"
73,Gandour Ghandourine Chocolate,,,,,,25,,130,1,14,7,,,,"[""local"", ""chocolate""]",09-01-26,09-01-26,"[""snack""]","[""milk""]","[""vegetarian""]","[""Milk chocolate""]"
74,Tuc Crackers (Salted),,,,,,25,,120,2,18,5,,,,"[""buttery"", ""crunch""]",09-01-26,09-01-26,"[""snack""]","[""wheat"", ""milk""]","[""vegetarian""]","[""Flour"", ""butter""]"
75,Al Rifai Cashew Mix,,,,,,30,,170,5,8,14,,,,"[""premium"", ""mix""]",09-01-26,09-01-26,"[""snack""]","[""tree nuts""]","[""vegan""]","[""Cashews"", ""almonds""]"
76,Gandour Deka Wafers (Hazelnut),,,,,,25,,140,2,18,7,,,,"[""sweet"", ""layers""]",09-01-26,09-01-26,"[""snack""]","[""wheat"", ""tree nuts""]","[""vegetarian""]","[""Wafer"", ""hazelnut cream""]"
77,Nestlé Fitness Cereal Bar,,,,,,23,,90,2,16,2,,,,"[""low"", ""calorie""]",09-01-26,09-01-26,"[""snack""]","[""wheat""]","[""vegetarian""]","[""Whole grain"", ""honey""]"
78,Al Kazzi Pistachios (Salted),,,,,,30,,170,6,7,15,,,,"[""roasted""]",09-01-26,09-01-26,"[""snack""]","[""tree nuts""]","[""vegan""]","[""Pistachios"", ""salt""]"
79,Gandour Crème Caramel Cup,,,,,,100,,150,4,20,6,,,,"[""ready"", ""dessert""]",09-01-26,09-01-26,"[""snack""]","[""milk""]","[""vegetarian""]","[""Milk"", ""caramel""]"
80,Lotus Biscoff Biscuits,,,,,,25,,120,1,18,5,,,,"[""caramelized"", ""crunch""]",09-01-26,09-01-26,"[""snack""]","[""wheat""]","[""vegan""]","[""Wheat"", ""sugar""]"
81,Al Rifai Coconut Chips,,,,,,30,,140,1,14,9,,,,"[""sweet"", ""tropical"", ""snack""]",09-01-26,09-01-26,"[""snack""]",[],"[""vegan""]","[""Coconut"", ""sugar""]"
82,Snickers Mini,,,,,,20,,100,2,12,5,,,,"[""candy"", ""bar""]",09-01-26,09-01-26,"[""snack""]","[""peanuts"", ""milk""]","[""vegetarian""]","[""Peanuts"", ""nougat""]"
83,Gandour Gluco Biscuits,,,,,,25,,110,2,18,3,,,,"[""budget"", ""snack""]",09-01-26,09-01-26,"[""snack""]","[""wheat""]","[""vegetarian""]","[""Wheat"", ""sugar""]"
84,Lay’s Classic Salted Chips,,,,,,28,,150,2,15,9,,,,"[""ubiquitous"", ""chips""]",09-01-26,09-01-26,"[""snack""]",[],"[""vegan""]","[""Potato"", ""oil""]"
85,Al Kazzi Wasabi Peas,,,,,,30,,160,6,16,7,,,,"[""strong"", ""punch""]",09-01-26,09-01-26,"[""snack""]",[],"[""vegan""]","[""Peas"", ""wasabi flavor""]"
86,Kinder Bueno Mini,,,,,,20,,120,2,11,7,,,,"[""creamy"", ""chocolate""]",09-01-26,09-01-26,"[""snack""]","[""tree nuts"", ""milk""]","[""vegetarian""]","[""Hazelnuts"", ""milk""]"
87,Gandour Cocoa Cream Sandwich,,,,,,30,,130,2,16,6,,,,"[""packable""]",09-01-26,09-01-26,"[""snack""]","[""wheat"", ""milk""]","[""vegetarian""]","[""Flour"", ""cream""]"
88,Nutella & Go,,,,,,52,,260,4,30,14,,,,"[""dip"", ""snack""]",09-01-26,09-01-26,"[""snack""]","[""milk"", ""wheat"", ""tree nuts""]","[""vegetarian""]","[""Hazelnut spread"", ""sticks""]"
89,Al Kazzi Sunflower Seeds,,,,,,30,,160,6,5,14,,,,"[""traditional""]",09-01-26,09-01-26,"[""snack""]",[],"[""vegan""]","[""Sunflower seeds"", ""salt""]"
90,Haribo Goldbears,,,,,,25,,85,1,19,0,,,,"[""gummy"", ""candy""]",09-01-26,09-01-26,"[""snack""]",[],[],"[""Gelatin"", ""sugar""]"
91,Gandour Choco Sandwich,,,,,,30,,125,2,16,6,,,,"[""chocolate-filled""]",09-01-26,09-01-26,"[""snack""]","[""wheat"", ""milk""]","[""vegetarian""]","[""Biscuit"", ""chocolate""]"
92,Bahlsen Waffeletten,,,,,,25,,130,2,15,7,,,,"[""crunch"", ""roll""]",09-01-26,09-01-26,"[""snack""]","[""wheat"", ""milk""]","[""vegetarian""]","[""Wafer"", ""chocolate""]"
93,Gandour Ghandourito Bar,,,,,,30,,135,2,17,6,,,,"[""nougat-like""]",09-01-26,09-01-26,"[""snack""]","[""milk""]","[""vegetarian""]","[""Chocolate"", ""crisped rice""]"
94,Pick Up! Biscuit Bar,,,,,,28,,140,2,18,7,,,,"[""sweet"", ""sandwich""]",09-01-26,09-01-26,"[""snack""]","[""wheat"", ""milk""]","[""vegetarian""]","[""Cookie"", ""chocolate""]"
95,Bahlsen Choco Leibniz,,,,,,25,,130,2,16,6,,,,"[""german"", ""import""]",09-01-26,09-01-26,"[""snack""]","[""wheat"", ""milk""]","[""vegetarian""]","[""Biscuit"", ""chocolate""]"
96,Gandour Salamatin (Cheese Flavor),,,,,,25,,120,1,16,6,,,,"[""salty"", ""nibble""]",09-01-26,09-01-26,"[""snack""]","[""milk""]","[""vegetarian""]","[""Corn"", ""cheese powder""]"
97,Al Kazzi Nut Bars,,,,,,30,,160,5,12,10,,,,"[""nutritious"", ""bar""]",09-01-26,09-01-26,"[""snack""]","[""tree nuts""]","[""vegetarian""]","[""Mixed nuts"", ""syrup""]"
98,Gandour Rice Cakes (Plain),,,,,,30,,115,2,22,2,,,,"[""light"", ""airy""]",09-01-26,09-01-26,"[""snack""]",[],"[""vegan""]","[""Rice""]"
99,Gandour Bubbly Wafers (Strawberry),,,,,,25,,130,2,17,6,,,,"[""cream"", ""filled""]",09-01-26,09-01-26,"[""snack""]","[""wheat"", ""milk""]","[""vegetarian""]","[""Wheat"", ""strawberry flavor""]"
100,M&M’s Minis Tube,,,,,,30,,140,1,20,6,,,,"[""candy"", ""favorite""]",09-01-26,09-01-26,"[""snack""]","[""milk""]","[""vegetarian""]","[""Chocolate"", ""sugar""]"
101,Bonjus Orange Juice Box,,,,,,250,,120,1,28,0,,,,"[""childhood"", ""favorite""]",09-01-26,09-01-26,"[""drink""]",[],"[""vegan""]","[""Orange juice"", ""sugar""]"
102,Kassatly Jallab Syrup,,,,,,30,,90,0,22,0,,,,"[""ramadan"", ""staple""]",09-01-26,09-01-26,"[""drink""]",[],"[""vegan""]","[""Date molasses"", ""rose water""]"
103,Taanayel Ayran (Salted Yogurt Drink),,,,,,250,,95,5,6,5,,,,"[""savory"", ""probiotic""]",09-01-26,09-01-26,"[""drink""]","[""milk""]","[""vegetarian""]","[""Yogurt"", ""salt""]"
104,Sohat Mineral Water,,,,,,500,,0,0,0,0,,,,"[""lebanese"", ""spring"", ""water""]",09-01-26,09-01-26,"[""drink""]",[],"[""vegan""]","[""Natural mineral water""]"
105,Almaza Zero (Non-alcoholic Beer),,,,,,330,,60,1,14,0,,,,"[""malt"", ""refreshment""]",09-01-26,09-01-26,"[""drink""]","[""wheat""]","[""vegetarian""]","[""Malted barley""]"
106,Barbican Apple Malt,,,,,,330,,120,0,30,0,,,,"[""popular"", ""malt"", ""drink""]",09-01-26,09-01-26,"[""drink""]","[""wheat""]","[""vegetarian""]","[""Barley malt"", ""apple""]"
107,Rani Float Mango Juice,,,,,,240,,140,1,32,0,,,,"[""chunky"", ""juice""]",09-01-26,09-01-26,"[""drink""]",[],"[""vegan""]","[""Mango juice"", ""pulp""]"
108,KDD Guava Juice,,,,,,250,,130,1,30,0,,,,"[""thick"", ""tropical""]",09-01-26,09-01-26,"[""drink""]",[],"[""vegan""]","[""Guava puree"", ""sugar""]"
109,Taanayel Laban Ayran (Light),,,,,,250,,65,5,4,2,,,,"[""light"", ""probiotic""]",09-01-26,09-01-26,"[""drink""]","[""milk""]","[""vegetarian""]","[""Yogurt"", ""salt""]"
110,Pepsi,,,,,,330,,138,0,36,0,,,,"[""cola"", ""beverage""]",09-01-26,09-01-26,"[""drink""]",[],"[""vegan""]","[""Carbonated water"", ""sugar""]"
111,7Up,,,,,,330,,140,0,36,0,,,,"[""citrus"", ""soda""]",09-01-26,09-01-26,"[""drink""]",[],"[""vegan""]","[""Carbonated lemon-lime""]"
112,Schweppes Tonic Water,,,,,,330,,130,0,32,0,,,,"[""mixer"", ""or"", ""solo""]",09-01-26,09-01-26,"[""drink""]",[],"[""vegan""]","[""Quinine"", ""sugar"", ""soda""]"
113,Nestlé Pure Life Water,,,,,,1.5,,0,0,0,0,,,,"[""daily"", ""hydration""]",09-01-26,09-01-26,"[""drink""]",[],"[""vegan""]","[""Purified water""]"
114,Gatorade Orange,,,,,,500,,120,0,30,0,,,,"[""sports"", ""recovery""]",09-01-26,09-01-26,"[""drink""]",[],"[""vegan""]","[""Electrolytes"", ""sugar""]"
115,Red Bull,,,,,,250,,110,1,28,0,,,,"[""energy"", ""boost""]",09-01-26,09-01-26,"[""drink""]",[],[],"[""Taurine"", ""caffeine"", ""sugar""]"
116,XXL Energy Drink,,,,,,250,,105,0,26,0,,,,"[""affordable"", ""local"", ""energy""]",09-01-26,09-01-26,"[""drink""]",[],[],"[""Caffeine"", ""sugar""]"
117,Lipton Iced Tea Peach,,,,,,500,,130,0,32,0,,,,"[""sweetened"", ""tea""]",09-01-26,09-01-26,"[""drink""]",[],"[""vegan""]","[""Tea"", ""peach flavor"", ""sugar""]"
118,Arizona Green Tea,,,,,,500,,140,0,34,0,,,,"[""us"", ""import""]",09-01-26,09-01-26,"[""drink""]",[],[],"[""Green tea"", ""honey"", ""ginseng""]"
119,KDD Chocolate Milk,,,,,,250,,180,6,28,6,,,,"[""sweet"", ""treat""]",09-01-26,09-01-26,"[""drink""]","[""milk""]","[""vegetarian""]","[""Milk"", ""cocoa"", ""sugar""]"
120,Almarai Strawberry Milk,,,,,,250,,160,5,25,5,,,,"[""fruity"", ""milk""]",09-01-26,09-01-26,"[""drink""]","[""milk""]","[""vegetarian""]","[""Milk"", ""sugar"", ""flavor""]"
121,Bonjus Fruit Cocktail,,,,,,250,,140,1,34,0,,,,"[""fruity"", ""blend""]",09-01-26,09-01-26,"[""drink""]",[],"[""vegan""]","[""Mixed juice""]"
122,Arwa Sparkling Water,,,,,,330,,0,0,0,0,,,,"[""soda"", ""alternative""]",09-01-26,09-01-26,"[""drink""]",[],"[""vegan""]","[""Carbonated water""]"
123,Perrier Lime,,,,,,330,,0,0,0,0,,,,"[""premium"", ""sparkle""]",09-01-26,09-01-26,"[""drink""]",[],"[""vegan""]","[""Carbonated mineral water""]"
124,Evian Water,,,,,,1,,0,0,0,0,,,,"[""french"", ""alpine""]",09-01-26,09-01-26,"[""drink""]",[],"[""vegan""]","[""Spring water""]"
125,Karma Kombucha (Original),,,,,,330,,50,0,12,0,,,,"[""fermented"", ""probiotic""]",09-01-26,09-01-26,"[""drink""]",[],"[""vegan""]","[""Tea"", ""cultures"", ""sugar""]"
126,Lebnani Apple Juice (Fresh Pressed),,,,,,250,,110,0,26,0,,,,"[""lebanese"", ""orchard""]",09-01-26,09-01-26,"[""drink""]",[],"[""vegan""]","[""Apple juice""]"
127,BML Grape Juice,,,,,,250,,130,1,32,0,,,,"[""dark"", ""fruit"", ""taste""]",09-01-26,09-01-26,"[""drink""]",[],"[""vegan""]","[""Grape concentrate""]"
128,Ice Cool Lemon Iced Tea,,,,,,500,,140,0,36,0,,,,"[""refreshing"", ""tea""]",09-01-26,09-01-26,"[""drink""]",[],"[""vegan""]","[""Tea"", ""lemon flavor""]"
129,Al Wadi Tamarind Juice,,,,,,250,,120,0,30,0,,,,"[""traditional"", ""tang""]",09-01-26,09-01-26,"[""drink""]",[],"[""vegan""]","[""Tamarind"", ""sugar""]"
130,Kassatly Jellab (Ready-to-drink),,,,,,250,,100,0,24,0,,,,"[""bottled"", ""classic""]",09-01-26,09-01-26,"[""drink""]",[],"[""vegan""]","[""Date"", ""molasses"", ""rose""]"
131,Bonjus Mango Juice,,,,,,250,,140,1,32,0,,,,"[""sweet"", ""tropical""]",09-01-26,09-01-26,"[""drink""]",[],"[""vegan""]","[""Mango"", ""sugar""]"
132,Starbucks Cold Brew (Bottle),,,,,,325,,15,1,2,0,,,,"[""caffeinated""]",09-01-26,09-01-26,"[""drink""]",[],"[""vegan""]","[""Coffee""]"
133,Paul Sparkling Lemonade,,,,,,250,,100,0,25,0,,,,"[""french"", ""brand""]",09-01-26,09-01-26,"[""drink""]",[],"[""vegan""]","[""Lemon juice"", ""sugar""]"
134,Al Wadi Rose Syrup,,,,,,30,,80,0,20,0,,,,"[""perfumed"", ""drink""]",09-01-26,09-01-26,"[""drink""]",[],"[""vegan""]","[""Sugar"", ""rose""]"
135,Ice Cool Apple Iced Tea,,,,,,500,,130,0,34,0,,,,"[""fruity""]",09-01-26,09-01-26,"[""drink""]",[],"[""vegan""]","[""Apple"", ""black tea""]"
136,Ya Hala Carob Juice,,,,,,250,,100,0,24,0,,,,"[""traditional""]",09-01-26,09-01-26,"[""drink""]",[],"[""vegan""]","[""Carob extract""]"
137,KDD Mango Nectar,,,,,,250,,140,1,32,0,,,,"[""dense"", ""flavor""]",09-01-26,09-01-26,"[""drink""]",[],"[""vegan""]","[""Mango pulp"", ""sugar""]"
138,Cold Pressed Green Juice,,,,,,250,,90,2,20,0,,,,"[""detox"", ""drink""]",09-01-26,09-01-26,"[""drink""]",[],"[""vegan""]","[""Kale"", ""apple"", ""cucumber""]"
139,Honest Organic Lemonade,,,,,,250,,100,0,24,0,,,,"[""organic"", ""brand""]",09-01-26,09-01-26,"[""drink""]",[],"[""vegan""]","[""Lemon juice"", ""cane sugar""]"
140,Al Rabih Tamarind Syrup,,,,,,30,,85,0,21,0,,,,"[""sour-sweet"", ""syrup""]",09-01-26,09-01-26,"[""drink""]",[],"[""vegan""]","[""Tamarind"", ""sugar""]"
141,Planet Smoothie (Bottled Berry),,,,,,300,,150,1,34,0,,,,"[""bottled"", ""smoothie""]",09-01-26,09-01-26,"[""drink""]",[],"[""vegan""]","[""Berry mix""]"
142,Barakat Watermelon Juice,,,,,,250,,110,1,28,0,,,,"[""refreshing""]",09-01-26,09-01-26,"[""drink""]",[],"[""vegan""]","[""Watermelon""]"
143,So Fresh Orange Juice,,,,,,250,,120,1,28,0,,,,"[""cold-pressed""]",09-01-26,09-01-26,"[""drink""]",[],"[""vegan""]","[""Fresh orange""]"
144,Aqua Gulf Alkaline Water,,,,,,500,,0,0,0,0,,,,"[""ph-balanced""]",09-01-26,09-01-26,"[""drink""]",[],"[""vegan""]","[""Alkaline pH 9+""]"
145,Puck Chocolate Drink,,,,,,250,,180,6,28,6,,,,"[""creamy""]",09-01-26,09-01-26,"[""drink""]","[""milk""]","[""vegetarian""]","[""Cocoa"", ""milk""]"
146,Red Tea Hibiscus,,,,,,250,,90,0,22,0,,,,"[""herbal"", ""cooler""]",09-01-26,09-01-26,"[""drink""]",[],"[""vegan""]","[""Hibiscus petals""]"
147,Good Mood Flavored Water,,,,,,500,,30,0,7,0,,,,"[""light"", ""taste""]",09-01-26,09-01-26,"[""drink""]",[],"[""vegan""]","[""Water"", ""fruit essence""]"
148,Beirut Cola,,,,,,330,,140,0,36,0,,,,"[""local"", ""soda""]",09-01-26,09-01-26,"[""drink""]",[],"[""vegan""]","[""Cola blend""]"
149,Ya Nour Lemonade,,,,,,250,,100,0,25,0,,,,"[""homemade"", ""style""]",09-01-26,09-01-26,"[""drink""]",[],"[""vegan""]","[""Lemon"", ""sugar"", ""water""]"
150,Karma Kombucha Ginger,,,,,,330,,55,0,14,0,,,,"[""lager"", ""lebanese"", ""staple""]",09-01-26,09-01-26,"[""drink""]","[""wheat""]","[""vegetarian""]","[""Malted barley"", ""hops""]"
152,961 Red Ale,961,Lebanese,,Alcohol,330,ml,160,1,12,0,,,,,"[""craft"", ""red"", ""ale""]",09-01-26,09-01-26,"[""drink""]","[""wheat""]","[""vegetarian""]","[""Malt"", ""hops"", ""yeast""]"
153,Chateau Ksara Sunset Rosé,Chateau Ksara,Lebanese,,Alcohol,150,ml,130,0,5,0,,,,,"[""rosé"", ""fruity"", ""crisp""]",09-01-26,09-01-26,"[""drink""]","[""sulfites""]","[""vegetarian""]","[""Grapes""]"
154,Chateau Musar Red,Chateau Musar,Lebanese,,Alcohol,150,ml,125,0,4,0,,,,,"[""wine"", ""lebanese"", ""renowned""]",09-01-26,09-01-26,"[""drink""]","[""sulfites""]","[""vegetarian""]","[""Grapes""]"
155,Arak Ksarak,Ksarak,,Levantine,Alcohol,50,ml,145,0,0,0,,,,,"[""arak"", ""anise"", ""spirit""]",09-01-26,09-01-26,"[""drink""]",[],"[""vegetarian""]","[""Grape alcohol"", ""aniseed""]"
156,961 Lager,961,Lebanese,,Alcohol,330,ml,150,1,11,0,,,,,"[""lager"", ""smooth""]",09-01-26,09-01-26,"[""drink""]","[""wheat""]","[""vegetarian""]","[""Malt"", ""hops""]"
157,Chateau Kefraya Blanc,Chateau Kefraya,Lebanese,,Alcohol,150,ml,120,0,4,0,,,,,"[""white"", ""crisp""]",09-01-26,09-01-26,"[""drink""]","[""sulfites""]","[""vegetarian""]","[""Grapes""]"
158,Domaine Wardy Syrah,Domaine Wardy,Lebanese,,Alcohol,150,ml,130,0,4,0,,,,,"[""dry"", ""red""]",09-01-26,09-01-26,"[""drink""]","[""sulfites""]","[""vegetarian""]","[""Grapes""]"
159,Glenfiddich 12YO Scotch,Glenfiddich,,,Alcohol,50,ml,120,0,0,0,,,,,"[""scotch"", ""speyside""]",09-01-26,09-01-26,"[""drink""]","[""wheat""]","[""vegetarian""]","[""Barley"", ""yeast""]"
160,Absolut Vodka,Absolut,,,Alcohol,50,ml,105,0,0,0,,,,,"[""vodka"", ""clean""]",09-01-26,09-01-26,"[""drink""]",[],"[""vegetarian""]","[""Grain alcohol""]"
161,Jack Daniel’s Whiskey,Jack Daniel’s,,,Alcohol,50,ml,110,0,0,0,,,,,"[""whiskey"", ""tennessee""]",09-01-26,09-01-26,"[""drink""]","[""wheat""]","[""vegetarian""]","[""Corn"", ""barley"", ""rye""]"
162,Tanqueray Gin,Tanqueray,,,Alcohol,50,ml,110,0,0,0,,,,,"[""gin"", ""london-dry""]",09-01-26,09-01-26,"[""drink""]",[],"[""vegetarian""]","[""Juniper"", ""grain alcohol""]"
163,Bacardi White Rum,Bacardi,,,Alcohol,50,ml,105,0,0,0,,,,,"[""rum"", ""mixing""]",09-01-26,09-01-26,"[""drink""]",[],"[""vegetarian""]","[""Sugarcane distillate""]"
164,Havana Club 7YO,Havana Club,,,Alcohol,50,ml,115,0,0,0,,,,,"[""aged"", ""rum""]",09-01-26,09-01-26,"[""drink""]",[],"[""vegetarian""]","[""Molasses""]"
165,Johnnie Walker Black Label,Johnnie Walker,,,Alcohol,50,ml,115,0,0,0,,,,,"[""blended"", ""scotch"", ""smoky""]",09-01-26,09-01-26,"[""drink""]","[""wheat""]","[""vegetarian""]","[""Blended Scotch""]"
166,Captain Morgan Spiced Rum,Captain Morgan,,,Alcohol,50,ml,110,0,0,0,,,,,"[""spiced"", ""rum""]",09-01-26,09-01-26,"[""drink""]",[],"[""vegetarian""]","[""Rum"", ""spices""]"
167,Remy Martin VSOP Cognac,Remy Martin,,,Alcohol,50,ml,120,0,0,0,,,,,"[""cognac"", ""premium""]",09-01-26,09-01-26,"[""drink""]","[""sulfites""]","[""vegetarian""]","[""Grapes""]"
168,Baileys Irish Cream,Baileys,,,Alcohol,50,ml,160,1,12,7,,,,,"[""cream"", ""liqueur"", ""dessert""]",09-01-26,09-01-26,"[""drink""]","[""milk""]","[""vegetarian""]","[""Cream"", ""whiskey""]"
169,Amarula Cream Liqueur,Amarula,,,Alcohol,50,ml,150,1,13,6,,,,,"[""cream"", ""liqueur""]",09-01-26,09-01-26,"[""drink""]","[""milk""]","[""vegetarian""]","[""Marula fruit"", ""cream""]"
170,Campari,Campari,,,Alcohol,50,ml,110,0,9,0,,,,,"[""aperitivo"", ""bitters""]",09-01-26,09-01-26,"[""drink""]",[],"[""vegan""]","[""Bitters"", ""herbs""]"
171,Martini Rosso Vermouth,Martini,,,Alcohol,50,ml,90,0,10,0,,,,,"[""vermouth"", ""rich""]",09-01-26,09-01-26,"[""drink""]","[""sulfites""]","[""vegan""]","[""Wine"", ""botanicals""]"
172,Martini Bianco Vermouth,Martini,,,Alcohol,50,ml,95,0,10,0,,,,,"[""vermouth"", ""sweet""]",09-01-26,09-01-26,"[""drink""]","[""sulfites""]","[""vegan""]","[""Fortified white wine""]"
173,Aperol,Aperol,,,Alcohol,50,ml,85,0,11,0,,,,,"[""spritz"", ""essential""]",09-01-26,09-01-26,"[""drink""]",[],"[""vegan""]","[""Bitters"", ""herbs""]"
174,Chateau Fakra Rose,Chateau Fakra,Lebanese,,Alcohol,150,ml,125,0,4,0,,,,,"[""rosé""]",09-01-26,09-01-26,"[""drink""]","[""sulfites""]","[""vegetarian""]","[""Grapes""]"
175,Lebanese Arak Brun,,Lebanese,Levantine,Alcohol,50,ml,145,0,0,0,,,,,"[""arak"", ""anise"", ""strong""]",09-01-26,09-01-26,"[""drink""]",[],"[""vegan""]","[""Grape distillate"", ""anise""]"
176,Ksara Cabernet Sauvignon,Chateau Ksara,Lebanese,,Alcohol,150,ml,130,0,4,0,,,,,"[""cabernet"", ""red""]",09-01-26,09-01-26,"[""drink""]","[""sulfites""]","[""vegetarian""]","[""Grapes""]"
177,961 Porter,961,Lebanese,,Alcohol,330,ml,180,1,14,0,,,,,"[""porter"", ""full-bodied""]",09-01-26,09-01-26,"[""drink""]","[""wheat""]","[""vegetarian""]","[""Dark malts""]"
178,Almaza Radler Lemon,Almaza,Lebanese,,Alcohol,330,ml,130,0,16,0,,,,,"[""radler"", ""lemon""]",09-01-26,09-01-26,"[""drink""]","[""wheat""]","[""vegetarian""]","[""Beer"", ""lemon""]"
179,Kassatly Arak (Mini),Kassatly,,Levantine,Alcohol,50,ml,140,0,0,0,,,,,"[""arak"", ""mini""]",09-01-26,09-01-26,"[""drink""]",[],"[""vegan""]","[""Arak spirit""]"
180,Tanqueray Sevilla Orange Gin,Tanqueray,,,Alcohol,50,ml,110,0,0,0,,,,,"[""gin"", ""citrus""]",09-01-26,09-01-26,"[""drink""]",[],"[""vegan""]","[""Orange peel"", ""gin""]"
181,El Massaya Arak,El Massaya,Lebanese,Levantine,Alcohol,50,ml,140,0,0,0,,,,,"[""arak"", ""premium""]",09-01-26,09-01-26,"[""drink""]",[],"[""vegan""]","[""Grape alcohol"", ""anise""]"
182,Le Vin des Cedres (Organic),Le Vin des Cedres,,,Alcohol,150,ml,115,0,3,0,,,,,"[""organic"", ""sustainable"", ""wine""]",09-01-26,09-01-26,"[""drink""]","[""sulfites""]","[""organic"", ""vegan""]","[""Grapes""]"
183,Massaya Classic Red,Massaya,Lebanese,,Alcohol,150,ml,125,0,4,0,,,,,"[""balanced"", ""blend""]",09-01-26,09-01-26,"[""drink""]","[""sulfites""]","[""vegetarian""]","[""Grapes""]"
184,Chateau Kefraya Les Bretèches,Chateau Kefraya,Lebanese,,Alcohol,150,ml,120,0,4,0,,,,,"[""fruity"", ""aroma""]",09-01-26,09-01-26,"[""drink""]","[""sulfites""]","[""vegetarian""]","[""Grapes""]"
185,Musar Jeune White,Chateau Musar,Lebanese,,Alcohol,150,ml,115,0,3,0,,,,,"[""young"", ""white""]",09-01-26,09-01-26,"[""drink""]","[""sulfites""]","[""vegetarian""]","[""Grapes""]"
186,Glenlivet 12YO Scotch,Glenlivet,,,Alcohol,50,ml,120,0,0,0,,,,,"[""scotch"", ""smooth""]",09-01-26,09-01-26,"[""drink""]","[""wheat""]","[""vegetarian""]","[""Malted barley""]"
187,Monkey Shoulder Scotch,Monkey Shoulder,,,Alcohol,50,ml,118,0,0,0,,,,,"[""scotch"", ""blend""]",09-01-26,09-01-26,"[""drink""]","[""wheat""]","[""vegetarian""]","[""Triple malt blend""]"
188,Smirnoff Vodka,Smirnoff,,,Alcohol,50,ml,105,0,0,0,,,,,"[""vodka"", ""mix-friendly""]",09-01-26,09-01-26,"[""drink""]",[],"[""vegetarian""]","[""Neutral grain""]"
189,Cointreau,Cointreau,,,Alcohol,50,ml,110,0,10,0,,,,,"[""orange"", ""liqueur""]",09-01-26,09-01-26,"[""drink""]",[],"[""vegan""]","[""Orange liqueur""]"
190,Disaronno Originale,Disaronno,,,Alcohol,50,ml,140,0,17,0,,,,,"[""amaretto"", ""almond-flavor""]",09-01-26,09-01-26,"[""drink""]",[],"[""vegan""]","[""Almond liqueur""]"
191,Chateau Ksara Reserve du Couvent,Chateau Ksara,Lebanese,,Alcohol,150,ml,130,0,4,0,,,,,"[""elegant"", ""red""]",09-01-26,09-01-26,"[""drink""]","[""sulfites""]","[""vegetarian""]","[""Grapes""]"
192,961 IPA,961,Lebanese,,Alcohol,330,ml,160,1,13,0,,,,,"[""hoppy"", ""ipa""]",09-01-26,09-01-26,"[""drink""]","[""wheat""]","[""vegetarian""]","[""Hoppy barley malt""]"
193,Chateau Marsyas Red,Chateau Marsyas,Lebanese,,Alcohol,150,ml,135,0,5,0,,,,,"[""boutique"", ""wine""]",09-01-26,09-01-26,"[""drink""]","[""sulfites""]","[""vegetarian""]","[""Grapes""]"
194,Chateau Nakad Arak,Chateau Nakad,Lebanese,Levantine,Alcohol,50,ml,145,0,0,0,,,,,"[""arak"", ""traditional""]",09-01-26,09-01-26,"[""drink""]",[],"[""vegan""]","[""Anise"", ""grape spirit""]"
195,Domaine des Tourelles Red,Domaine des Tourelles,Lebanese,,Alcohol,150,ml,125,0,4,0,,,,,"[""balanced"", ""red""]",09-01-26,09-01-26,"[""drink""]","[""sulfites""]","[""vegetarian""]","[""Grapes""]"
196,Arak Haddad,Haddad,Lebanese,Levantine,Alcohol,50,ml,145,0,0,0,,,,,"[""arak"", ""triple-distilled""]",09-01-26,09-01-26,"[""drink""]",[],"[""vegan""]","[""Grape"", ""aniseed""]"
197,Ksarak Gold,Ksarak,Lebanese,Levantine,Alcohol,50,ml,145,0,0,0,,,,,"[""arak"", ""premium""]",09-01-26,09-01-26,"[""drink""]",[],"[""vegan""]","[""Lebanese Arak""]"
198,Musar Jeune Rosé,Chateau Musar,Lebanese,,Alcohol,150,ml,125,0,4,0,,,,,"[""rosé""]",09-01-26,09-01-26,"[""drink""]","[""sulfites""]","[""vegetarian""]","[""Grapes""]"
199,Beer Heineken (Import),Heineken,,,Alcohol,330,ml,150,1,11,0,,,,,"[""import"", ""international""]",09-01-26,09-01-26,"[""drink""]","[""wheat""]","[""vegetarian""]","[""Malt"", ""hops""]"
200,Almaza Light,Almaza,Lebanese,,Alcohol,330,ml,110,0,8,0,,,,,"[""lower-calorie"", ""beer""]",09-01-26,09-01-26,"[""drink""]","[""wheat""]","[""vegetarian""]","[""Malt"", ""hops""]"
201,Puck Cream Cheese Spread,Puck,,,Pantry,30,g,100,2,2,9,,,,,"[""creamy"", ""spread""]",09-01-26,09-01-26,"[""snack""]","[""milk""]","[""vegetarian""]","[""Milk"", ""cream"", ""salt""]"
202,Al Wadi Tahini,Al Wadi,,,Pantry,30,g,180,5,4,16,,,,,"[""lebanese"", ""essential"", ""tahini""]",09-01-26,09-01-26,"[""snack""]","[""sesame""]","[""vegan""]","[""100% sesame paste""]"
203,Cortas Hummus with Tahini (Can),Cortas,,,Pantry,200,g,300,10,20,18,,,,,"[""mezze"", ""staple""]",09-01-26,09-01-26,"[""snack""]","[""sesame""]","[""vegan""]","[""Chickpeas"", ""tahini"", ""lemon""]"
204,Al Kanater Halawa (Plain),Al Kanater,,,Pantry,50,g,240,5,18,16,,,,,"[""traditional"", ""sweet""]",09-01-26,09-01-26,"[""snack""]","[""sesame""]","[""vegan""]","[""Sesame paste"", ""sugar""]"
205,Zwan Chicken Luncheon Meat,Zwan,,,Pantry,56,g,150,9,2,12,,,,,"[""shelf"", ""meat"", ""can""]",09-01-26,09-01-26,"[""snack""]",[],"[""gluten-free""]","[""Chicken"", ""salt"", ""starch""]"
206,Libby’s Corned Beef,Libby’s,,,Pantry,100,g,250,15,1,22,,,,,"[""pantry"", ""protein""]",09-01-26,09-01-26,"[""snack""]",[],"[""gluten-free""]","[""Beef"", ""salt""]"
207,Abu Kass Basmati Rice,Abu Kass,,,Pantry,100,g,350,6,78,1,,,,,"[""long"", ""grain""]",09-01-26,09-01-26,"[""snack""]",[],"[""vegan""]","[""Basmati rice""]"
208,Cortas Rose Water,Cortas,,,Pantry,15,ml,10,0,2,0,,,,,"[""desserts"", ""flavoring""]",09-01-26,09-01-26,"[""snack""]",[],"[""vegan""]","[""Rose petals"", ""water""]"
209,Cortas Pomegranate Molasses,Cortas,,,Pantry,15,ml,35,0,9,0,,,,,"[""sour-sweet"", ""syrup""]",09-01-26,09-01-26,"[""snack""]",[],"[""vegan""]","[""Pomegranate juice concentrate""]"
210,Al Wadi Fava Beans (Can),Al Wadi,,,Pantry,200,g,210,12,28,4,,,,,"[""ful"", ""style""]",09-01-26,09-01-26,"[""snack""]",[],"[""vegan""]","[""Fava beans"", ""garlic"", ""oil""]"
211,American Garden Peanut Butter (Smooth),American Garden,,,Pantry,32,g,190,7,8,16,,,,,"[""pantry"", ""spread""]",09-01-26,09-01-26,"[""snack""]","[""peanuts""]","[""vegan""]","[""Peanuts"", ""oil""]"
212,Zwan Tuna Chunks in Oil,Zwan,,,Pantry,100,g,200,22,0,12,,,,,"[""shelf-stable"", ""fish""]",09-01-26,09-01-26,"[""snack""]","[""fish""]","[""gluten-free""]","[""Tuna"", ""sunflower oil""]"
213,Al Rabih Mloukhieh Dried Leaves,Al Rabih,,,Pantry,10,g,30,3,5,0,,,,,"[""lebanese"", ""stew"", ""base""]",09-01-26,09-01-26,"[""snack""]",[],"[""vegan""]","[""Mloukhieh""]"
214,Goody Chickpeas (Can),Goody,,,Pantry,200,g,270,14,40,4,,,,,"[""salads"", ""meals""]",09-01-26,09-01-26,"[""snack""]",[],"[""vegan""]","[""Chickpeas"", ""salt""]"
215,Pomi Tomato Sauce,Pomi,,,Pantry,100,g,38,1,8,0,,,,,"[""pasta"", ""base""]",09-01-26,09-01-26,"[""snack""]",[],"[""vegan""]","[""Tomatoes""]"
216,American Garden Mayonnaise,American Garden,,,Pantry,30,g,210,0,2,23,,,,,"[""rich"", ""dressing""]",09-01-26,09-01-26,"[""snack""]","[""eggs"", ""soy""]","[""vegetarian""]","[""Soy oil"", ""egg"", ""vinegar""]"
217,Heinz Tomato Ketchup,Heinz,,,Pantry,20,g,20,0,5,0,,,,,"[""condiment"", ""staple""]",09-01-26,09-01-26,"[""snack""]",[],"[""vegan""]","[""Tomato concentrate"", ""sugar""]"
218,Lesieur Sunflower Oil,Lesieur,,,Pantry,15,ml,135,0,0,15,,,,,"[""cooking"", ""oil""]",09-01-26,09-01-26,"[""snack""]",[],"[""vegan""]","[""100% sunflower oil""]"
219,Al Koura Olive Oil (Extra Virgin),Al Koura,Lebanese,,Pantry,15,ml,120,0,0,14,,,,,"[""lebanese"", ""olive-oil""]",09-01-26,09-01-26,"[""snack""]",[],"[""vegan""]","[""Olives""]"
220,Americana Tomato Paste,Americana,,,Pantry,70,g,40,2,7,0,,,,,"[""concentrated"", ""flavor""]",09-01-26,09-01-26,"[""snack""]",[],"[""vegan""]","[""Tomatoes""]"
221,Cortas Lentils (Brown),Cortas,,,Pantry,100,g,330,25,55,2,,,,,"[""mujadara"", ""soups""]",09-01-26,09-01-26,"[""snack""]",[],"[""vegan""]","[""Lentils""]"
222,Al Wadi Stuffed Vine Leaves (Jar),Al Wadi,,,Pantry,200,g,310,6,48,12,,,,,"[""mezze"", ""classic""]",09-01-26,09-01-26,"[""snack""]",[],"[""vegan""]","[""Rice"", ""leaves"", ""oil""]"
223,Cortas Pickled Turnips,Cortas,,,Pantry,30,g,10,0,2,0,,,,,"[""colorful"", ""side""]",09-01-26,09-01-26,"[""snack""]",[],"[""vegan""]","[""Turnips"", ""beet"", ""vinegar""]"
224,Americana Foul Medammas (Can),Americana,,,Pantry,200,g,260,12,30,10,,,,,"[""quick"", ""breakfast""]",09-01-26,09-01-26,"[""breakfast""]",[],"[""vegan""]","[""Fava beans"", ""spices""]"
225,Kassatly Pomegranate Concentrate,Kassatly,,,Pantry,20,ml,60,0,15,0,,,,,"[""dilution"", ""syrup""]",09-01-26,09-01-26,"[""snack""]",[],"[""vegan""]","[""Pomegranate"", ""sugar""]"
226,Heinz Baked Beans (Can),Heinz,,,Pantry,200,g,170,10,30,1,,,,,"[""breakfast"", ""side""]",09-01-26,09-01-26,"[""breakfast""]",[],"[""vegan""]","[""Beans"", ""tomato sauce""]"
227,Al Wadi Green Peas (Can),Al Wadi,,,Pantry,200,g,150,8,20,1,,,,,"[""pantry"", ""veg""]",09-01-26,09-01-26,"[""snack""]",[],"[""vegan""]","[""Peas"", ""water"", ""salt""]"
228,Maggi Chicken Stock Cubes,Maggi,,,Pantry,10,g,35,2,2,2,,,,,"[""2026-01-09""]",09-01-26,,"[""snack""]",[],[],"[""Salt"", ""MSG"", ""flavor""]"
229,Warda Bulgur (Fine),Warda,,,Pantry,100,g,345,12,75,1,,,,,"[""tabbouleh"", ""base""]",09-01-26,09-01-26,"[""snack""]","[""wheat""]","[""vegan""]","[""Cracked wheat""]"
230,Zwan Hot Dogs (Canned),Zwan,,,Pantry,100,g,230,10,3,20,,,,,"[""emergency"", ""meat""]",09-01-26,09-01-26,"[""snack""]",[],"[""gluten-free""]","[""Chicken"", ""starch"", ""salt""]"
231,Al Alali Pasta Sauce (Basil),Al Alali,,,Pantry,100,g,90,2,12,4,,,,,"[""ready"", ""sauce""]",09-01-26,09-01-26,"[""snack""]",[],"[""vegan""]","[""Tomato"", ""basil"", ""oil""]"
232,Unico Red Kidney Beans (Can),Unico,,,Pantry,200,g,240,14,32,2,,,,,"[""chili"", ""base""]",09-01-26,09-01-26,"[""snack""]",[],"[""vegan""]","[""Beans"", ""water"", ""salt""]"
233,Al Wadi Freekeh,Al Wadi,,,Pantry,100,g,320,14,60,2,,,,,"[""ancient"", ""grain""]",09-01-26,09-01-26,"[""snack""]","[""wheat""]","[""vegan""]","[""Roasted green wheat""]"
234,Panzani Couscous,Panzani,,North African,Pantry,100,g,360,12,72,1,,,,,"[""couscous"", ""pantry""]",09-01-26,09-01-26,"[""snack""]","[""wheat""]","[""vegan""]","[""Semolina wheat""]"
235,American Garden Yellow Mustard,American Garden,,,Pantry,10,g,5,0,1,0,,,,,"[""condiment""]",09-01-26,09-01-26,"[""snack""]","[""mustard""]","[""vegan""]","[""Vinegar"", ""mustard seed""]"
236,Heinz Apple Cider Vinegar,Heinz,,,Pantry,15,ml,0,0,0,0,,,,,"[""culinary"", ""acid""]",09-01-26,09-01-26,"[""snack""]",[],"[""vegan""]","[""Apples""]"
237,La Tourangelle Walnut Oil,La Tourangelle,,,Pantry,15,ml,135,0,0,15,,,,,"[""specialty"", ""oil""]",09-01-26,09-01-26,"[""snack""]","[""tree nuts""]","[""vegan""]","[""Walnut oil""]"
238,Al Wadi Chickpeas (Dry),Al Wadi,,,Pantry,100,g,360,19,60,6,,,,,"[""soak"", ""cook""]",09-01-26,09-01-26,"[""snack""]",[],"[""vegan""]","[""Chickpeas""]"
239,Green Land Labneh in Jar,Green Land,,,Pantry,30,g,80,3,2,7,,,,,"[""pantry"", ""labneh""]",09-01-26,09-01-26,"[""snack""]","[""milk""]","[""vegetarian""]","[""Milk"", ""salt""]"
240,Gandour Chocolate Spread,Gandour,,,Pantry,20,g,110,1,12,6,,,,,"[""lebanese"", ""spread""]",09-01-26,09-01-26,"[""snack""]","[""milk"", ""soy""]","[""vegetarian""]","[""Sugar"", ""cocoa"", ""oil""]"
241,Al Wadi Vinegar (White),Al Wadi,,,Pantry,15,ml,0,0,0,0,,,,,"[""all-purpose"", ""vinegar""]",09-01-26,09-01-26,"[""snack""]",[],"[""vegan""]","[""Acetic acid""]"
242,Al Rabih Foul Medammas with Garlic,Al Rabih,,,Pantry,200,g,270,13,32,12,,,,,"[""pre-spiced"", ""foul""]",09-01-26,09-01-26,"[""snack""]",[],"[""vegan""]","[""Fava"", ""oil"", ""garlic""]"
243,American Garden Maple Syrup (Blend),American Garden,,,Pantry,15,ml,52,0,13,0,,,,,"[""pancake"", ""topping""]",09-01-26,09-01-26,"[""snack""]",[],"[""vegan""]","[""Corn syrup"", ""maple""]"
244,Kraft Cheddar Cheese (Can),Kraft,,,Pantry,30,g,120,6,1,10,,,,,"[""shelf-stable"", ""cheese""]",09-01-26,09-01-26,"[""snack""]","[""milk""]","[""vegetarian""]","[""Cheese"", ""emulsifiers""]"
245,Abu Bint Egyptian Rice,Abu Bint,,,Pantry,100,g,365,6,80,1,,,,,"[""pantry"", ""rice""]",09-01-26,09-01-26,"[""snack""]",[],"[""vegan""]","[""Short grain rice""]"
246,Panzani Penne Pasta,Panzani,,Italian,Pantry,100,g,350,12,72,1,,,,,"[""italian"", ""pantry""]",09-01-26,09-01-26,"[""snack""]","[""wheat""]","[""vegan""]","[""Wheat""]"
247,Al Alali Sardines in Oil,Al Alali,,,Pantry,100,g,190,22,0,12,,,,,"[""canned"", ""protein""]",09-01-26,09-01-26,"[""snack""]","[""fish""]","[""gluten-free""]","[""Sardines"", ""oil""]"
248,Green Land Ghee,Green Land,,,Pantry,15,g,135,0,0,15,,,,,"[""cooking"", ""fat""]",09-01-26,09-01-26,"[""snack""]","[""milk""]","[""vegetarian""]","[""Clarified butter""]"
249,Rahma Date Syrup,Rahma,,,Pantry,15,ml,55,0,14,0,,,,,"[""natural"", ""sweetener""]",09-01-26,09-01-26,"[""snack""]",[],"[""vegan""]","[""Dates""]"
250,Warda Semolina (Fine),Warda,,,Pantry,100,g,360,11,72,1,,,,,"[""baking"", ""porridge""]",09-01-26,09-01-26,"[""snack""]","[""wheat""]","[""vegan""]","[""Wheat""]"
251,Le Charcutier Turkey Breast Slices,Le Charcutier,,,Deli / Meat,50,g,55,11,1,1,,,,,"[""lean"", ""deli"", ""sliced""]",09-01-26,09-01-26,"[""snack""]",[],"[""keto"", ""gluten-free""]","[""Turkey breast"", ""salt"", ""spices""]"
252,Le Charcutier Smoked Turkey Slices,Le Charcutier,,,Deli / Meat,50,g,60,10,1,2,,,,,"[""smoky"", ""deli"", ""sliced""]",09-01-26,09-01-26,"[""snack""]",[],"[""keto"", ""gluten-free""]","[""Turkey"", ""smoke flavor"", ""salt""]"
253,Le Charcutier Chicken Breast Slices,Le Charcutier,,,Deli / Meat,50,g,60,11,1,1.5,,,,,"[""mild"", ""deli"", ""sliced""]",09-01-26,09-01-26,"[""snack""]",[],"[""keto"", ""gluten-free""]","[""Chicken breast"", ""salt"", ""spices""]"
254,Le Charcutier Roast Beef Slices,Le Charcutier,,,Deli / Meat,50,g,80,12,0,3,,,,,"[""roast"", ""beef"", ""slices""]",09-01-26,09-01-26,"[""snack""]",[],"[""keto"", ""gluten-free""]","[""Beef"", ""salt"", ""pepper""]"
255,Le Charcutier Pastrami (Beef),Le Charcutier,,,Deli / Meat,50,g,95,10,1,6,,,,,"[""peppery"", ""cured"", ""beef""]",09-01-26,09-01-26,"[""snack""]",[],"[""keto"", ""gluten-free""]","[""Beef"", ""spices"", ""curing salt""]"
256,Basturma (Spiced Cured Beef),,Lebanese,Lebanese-Armenian,Deli / Meat,30,g,100,11,1,6,,,,,"[""cured"", ""spiced"", ""deli""]",09-01-26,09-01-26,"[""snack""]",[],"[""keto"", ""gluten-free""]","[""Cured beef"", ""fenugreek"", ""garlic"", ""paprika""]"
257,Soujouk Sausage (Beef),,Lebanese,Lebanese,Deli / Meat,50,g,180,9,2,15,,,,,"[""spicy"", ""sausage"", ""lebanese""]",09-01-26,09-01-26,"[""snack""]",[],"[""keto"", ""gluten-free""]","[""Beef"", ""garlic"", ""chili"", ""spices""]"
258,Merguez Sausage,,,,Deli / Meat,60,g,200,11,2,16,,,,,"[""spicy"", ""grill"", ""sausage""]",09-01-26,09-01-26,"[""snack""]",[],"[""keto"", ""gluten-free""]","[""Beef/lamb"", ""hot spices""]"
259,Beef Hot Dog,,,,Deli / Meat,45,g,140,6,2,12,,,,,"[""quick-cook"", ""hotdog""]",09-01-26,09-01-26,"[""snack""]","[""soy""]","[""keto""]","[""Beef"", ""salt"", ""spices"", ""stabilizers""]"
260,Chicken Hot Dog,,,,Deli / Meat,45,g,120,7,2,9,,,,,"[""lighter"", ""hotdog""]",09-01-26,09-01-26,"[""snack""]","[""soy""]","[""keto""]","[""Chicken"", ""salt"", ""spices""]"
261,Beef Mortadella Slices,,,,Deli / Meat,50,g,160,7,2,14,,,,,"[""bologna-style"", ""deli""]",09-01-26,09-01-26,"[""snack""]","[""tree nuts""]","[""keto""]","[""Beef"", ""fat"", ""spices"", ""pistachio (optional)""]"
262,Chicken Mortadella Slices,,,,Deli / Meat,50,g,140,7,2,12,,,,,"[""mild"", ""mortadella""]",09-01-26,09-01-26,"[""snack""]",[],"[""keto""]","[""Chicken"", ""fat"", ""spices""]"
263,Beef Salami Slices,,,,Deli / Meat,30,g,120,6,1,10,,,,,"[""dry-cured"", ""salami""]",09-01-26,09-01-26,"[""snack""]",[],"[""keto"", ""gluten-free""]","[""Beef"", ""curing salt"", ""spices""]"
264,Turkey Salami Slices,,,,Deli / Meat,30,g,90,7,2,6,,,,,"[""leaner"", ""salami""]",09-01-26,09-01-26,"[""snack""]",[],"[""keto""]","[""Turkey"", ""spices""]"
265,Pepperoni Slices,,,,Deli / Meat,30,g,140,6,1,12,,,,,"[""pizza"", ""topping""]",09-01-26,09-01-26,"[""snack""]",[],"[""keto"", ""gluten-free""]","[""Beef"", ""paprika"", ""spices""]"
266,Smoked Beef Sausage Ring,,,,Deli / Meat,60,g,210,10,2,17,,,,,"[""smoked"", ""sliceable""]",09-01-26,09-01-26,"[""snack""]",[],"[""keto""]","[""Beef"", ""smoke"", ""spices""]"
267,Smoked Turkey Sausage,,,,Deli / Meat,60,g,180,11,2,14,,,,,"[""smoked"", ""sausage""]",09-01-26,09-01-26,"[""snack""]",[],"[""keto""]","[""Turkey"", ""spices""]"
268,Chicken Sausages (Herb),,,,Deli / Meat,80,g,190,14,3,13,,,,,"[""herb"", ""sausages""]",09-01-26,09-01-26,"[""snack""]","[""soy""]","[""keto""]","[""Chicken"", ""herbs"", ""spices""]"
269,Beef Breakfast Sausages,,,,Deli / Meat,80,g,240,12,2,20,,,,,"[""breakfast"", ""links""]",09-01-26,09-01-26,"[""breakfast""]",[],"[""keto"", ""gluten-free""]","[""Beef"", ""spices""]"
270,Beef Bacon (Sliced),,,,Deli / Meat,30,g,150,6,0,13,,,,,"[""bacon"", ""crispy""]",09-01-26,09-01-26,"[""snack""]",[],"[""keto"", ""gluten-free""]","[""Cured beef belly"", ""salt""]"
271,Turkey Bacon,,,,Deli / Meat,30,g,90,6,1,7,,,,,"[""lower-fat"", ""bacon""]",09-01-26,09-01-26,"[""snack""]",[],"[""keto"", ""gluten-free""]","[""Turkey"", ""curing salt""]"
272,Cooked Chicken Shawarma Strips (Deli),,Lebanese,Lebanese,Deli / Meat,100,g,190,20,2,11,,,,,"[""shawarma"", ""ready"", ""protein""]",09-01-26,09-01-26,"[""snack""]",[],"[""keto"", ""gluten-free""]","[""Chicken"", ""shawarma spices""]"
273,Cooked Beef Shawarma Strips (Deli),,Lebanese,Lebanese,Deli / Meat,100,g,240,18,2,18,,,,,"[""shawarma"", ""deli""]",09-01-26,09-01-26,"[""snack""]",[],"[""keto"", ""gluten-free""]","[""Beef"", ""shawarma spices""]"
274,Marinated Shish Tawook (Raw),,Lebanese,Lebanese,Deli / Meat,150,g,260,28,3,14,,,,,"[""grill-ready"", ""marinated""]",09-01-26,09-01-26,"[""snack""]","[""milk""]","[""keto""]","[""Chicken"", ""lemon/yogurt"", ""garlic""]"
275,Marinated Kafta Logs (Raw),,Lebanese,Lebanese,Deli / Meat,150,g,330,22,4,24,,,,,"[""bbq"", ""kafta"", ""marinated""]",09-01-26,09-01-26,"[""snack""]",[],"[""keto"", ""gluten-free""]","[""Ground beef"", ""parsley"", ""onion"", ""spices""]"
276,Marinated Beef Shish Kebab Cubes,,,,Deli / Meat,150,g,320,26,2,22,,,,,"[""skewers"", ""marinated""]",09-01-26,09-01-26,"[""snack""]",[],"[""keto"", ""gluten-free""]","[""Beef cubes"", ""oil"", ""spices""]"
277,Marinated Chicken Wings (Spiced),,,,Deli / Meat,200,g,420,32,4,30,,,,,"[""oven"", ""grill"", ""wings""]",09-01-26,09-01-26,"[""snack""]",[],"[""keto"", ""gluten-free""]","[""Chicken wings"", ""spices"", ""oil""]"
278,Marinated Chicken Drumsticks,,,,Deli / Meat,200,g,380,34,2,24,,,,,"[""family-pack"", ""grill""]",09-01-26,09-01-26,"[""snack""]",[],"[""keto"", ""gluten-free""]","[""Chicken"", ""spices"", ""oil""]"
279,Beef Burger Patties (Raw),,,,Deli / Meat,150,g,375,30,0,28,,,,,"[""grill"", ""patties""]",09-01-26,09-01-26,"[""snack""]",[],"[""keto"", ""gluten-free""]","[""100% beef""]"
280,Chicken Burger Patties (Raw),,,,Deli / Meat,150,g,300,30,2,18,,,,,"[""leaner"", ""patties""]",09-01-26,09-01-26,"[""snack""]",[],"[""keto"", ""gluten-free""]","[""Chicken"", ""spices""]"
281,Kafta Burger Patties,,Lebanese,Lebanese,Deli / Meat,150,g,360,26,3,26,,,,,"[""lebanese"", ""spiced"", ""burgers""]",09-01-26,09-01-26,"[""snack""]",[],"[""keto"", ""gluten-free""]","[""Beef"", ""onion"", ""parsley""]"
282,Beef Meatballs,,,,Deli / Meat,150,g,330,22,4,24,,,,,"[""meatballs"", ""sauce""]",09-01-26,09-01-26,"[""snack""]",[],"[""keto"", ""gluten-free""]","[""Beef"", ""herbs"", ""spices""]"
283,Chicken Meatballs,,,,Deli / Meat,150,g,280,26,4,16,,,,,"[""lighter"", ""meatballs""]",09-01-26,09-01-26,"[""snack""]",[],"[""keto"", ""gluten-free""]","[""Chicken"", ""herbs"", ""spices""]"
284,Beef Mince (Lean ~10% fat),,,,Deli / Meat,100,g,176,20,0,10,,,,,"[""lean"", ""mince""]",09-01-26,09-01-26,"[""snack""]",[],"[""keto"", ""gluten-free""]","[""Beef""]"
285,Beef Mince (Regular ~20% fat),,,,Deli / Meat,100,g,254,17,0,20,,,,,"[""juicy"", ""mince""]",09-01-26,09-01-26,"[""snack""]",[],"[""keto"", ""gluten-free""]","[""Beef""]"
286,"Chicken Breast (Fresh, boneless)",,,,Deli / Meat,150,g,248,46,0,5,,,,,"[""lean"", ""protein""]",09-01-26,09-01-26,"[""snack""]",[],"[""keto"", ""gluten-free""]","[""Chicken breast""]"
287,Chicken Thigh Fillets,,,,Deli / Meat,150,g,315,39,0,18,,,,,"[""juicy"", ""dark-meat""]",09-01-26,09-01-26,"[""snack""]",[],"[""keto"", ""gluten-free""]","[""Chicken thigh""]"
288,Whole Rotisserie Chicken (Deli),,,,Deli / Meat,200,g,380,40,0,24,,,,,"[""ready-to-eat"", ""deli""]",09-01-26,09-01-26,"[""snack""]",[],"[""keto"", ""gluten-free""]","[""Chicken"", ""spice rub""]"
289,"Roast Beef (Deli, cooked)",,,,Deli / Meat,150,g,280,36,2,13,,,,,"[""sliced"", ""roast""]",09-01-26,09-01-26,"[""snack""]",[],"[""keto"", ""gluten-free""]","[""Beef roast"", ""spices""]"
290,Smoked Chicken Breast (Cooked),,,,Deli / Meat,100,g,165,28,1,5,,,,,"[""high-protein"", ""smoked""]",09-01-26,09-01-26,"[""snack""]",[],"[""keto"", ""gluten-free""]","[""Chicken"", ""smoke"", ""salt""]"
291,Chicken Liver Pâté,,,,Deli / Meat,50,g,160,6,3,13,,,,,"[""pâté"", ""spreadable""]",09-01-26,09-01-26,"[""snack""]","[""milk""]","[""keto""]","[""Chicken liver"", ""butter"", ""spices""]"
292,Beef Liver (Fresh),,,,Deli / Meat,150,g,270,39,6,9,,,,,"[""organ-meat"", ""iron-rich""]",09-01-26,09-01-26,"[""snack""]",[],"[""keto"", ""gluten-free""]","[""Beef liver""]"
293,Lamb Chops (Raw),,,,Deli / Meat,150,g,420,29,0,33,,,,,"[""grill-ready"", ""chops""]",09-01-26,09-01-26,"[""snack""]",[],"[""keto"", ""gluten-free""]","[""Lamb""]"
294,Lamb Mince,,,,Deli / Meat,100,g,282,17,0,23,,,,,"[""mince"", ""lamb""]",09-01-26,09-01-26,"[""snack""]",[],"[""keto"", ""gluten-free""]","[""Lamb""]"
295,Beef Steak Strips (Stir-fry),,,,Deli / Meat,150,g,300,33,0,18,,,,,"[""stir-fry"", ""quick-cook""]",09-01-26,09-01-26,"[""snack""]",[],"[""keto"", ""gluten-free""]","[""Beef strips""]"
296,Turkey Pepperoni Slices,,,,Deli / Meat,30,g,100,7,2,7,,,,,"[""leaner"", ""pepperoni""]",09-01-26,09-01-26,"[""snack""]",[],"[""keto""]","[""Turkey"", ""paprika"", ""spices""]"
297,Sliced Roast Turkey (Deli),,,,Deli / Meat,50,g,55,11,1,1,,,,,"[""sandwich-ready"", ""deli""]",09-01-26,09-01-26,"[""snack""]",[],"[""keto"", ""gluten-free""]","[""Turkey"", ""salt""]"
298,Spiced Chicken Luncheon Slices,,,,Deli / Meat,50,g,135,7,2,11,,,,,"[""luncheon"", ""slices""]",09-01-26,09-01-26,"[""snack""]","[""soy""]","[""keto""]","[""Chicken"", ""spices"", ""stabilizers""]"
299,Beef Luncheon Slices,,,,Deli / Meat,50,g,160,7,2,14,,,,,"[""luncheon"", ""classic""]",09-01-26,09-01-26,"[""snack""]","[""soy""]","[""keto""]","[""Beef"", ""spices"", ""stabilizers""]"
300,BBQ Sausage Variety Pack (Assorted),,,,Deli / Meat,150,g,420,20,5,34,,,,,"[""bbq"", ""variety"", ""pack""]",09-01-26,09-01-26,"[""snack""]","[""soy"", ""milk""]","[""keto""]","[""Beef/chicken sausages"", ""spices""]"
351,Barilla Spaghetti No.5 (dry),Barilla,,Italian,Pasta & Packaged Food,75,g,270,10,54,1.5,,,,,"[""classic"", ""spaghetti""]",09-01-26,09-01-26,"[""snack""]","[""wheat""]","[""vegan""]","[""Durum wheat semolina""]"
352,Barilla Fusilli (dry),Barilla,,Italian,Pasta & Packaged Food,75,g,270,10,55,1.5,,,,,"[""fusilli"", ""spiral""]",09-01-26,09-01-26,"[""snack""]","[""wheat""]","[""vegan""]","[""Durum wheat semolina""]"
353,Barilla Farfalle (dry),Barilla,,Italian,Pasta & Packaged Food,75,g,270,10,55,1.5,,,,,"[""farfalle"", ""bow-tie""]",09-01-26,09-01-26,"[""snack""]","[""wheat""]","[""vegan""]","[""Durum wheat semolina""]"
354,De Cecco Penne Rigate (dry),De Cecco,,Italian,Pasta & Packaged Food,75,g,275,10,55,1.5,,,,,"[""premium"", ""penne"", ""ridged""]",09-01-26,09-01-26,"[""snack""]","[""wheat""]","[""vegan""]","[""Durum wheat semolina""]"
355,De Cecco Linguine (dry),De Cecco,,Italian,Pasta & Packaged Food,75,g,270,10,54,1.5,,,,,"[""linguine"", ""long""]",09-01-26,09-01-26,"[""snack""]","[""wheat""]","[""vegan""]","[""Durum wheat semolina""]"
356,Divella Spaghetti (dry),Divella,,Italian,Pasta & Packaged Food,75,g,265,9,54,1.3,,,,,"[""value"", ""staple""]",09-01-26,09-01-26,"[""snack""]","[""wheat""]","[""vegan""]","[""Durum wheat semolina""]"
357,Divella Lasagne Sheets (dry),Divella,,Italian,Pasta & Packaged Food,80,g,295,10,60,1.5,,,,,"[""lasagne"", ""sheets""]",09-01-26,09-01-26,"[""snack""]","[""wheat""]","[""vegan""]","[""Durum wheat semolina""]"
358,Rana Fresh Tagliatelle (refrigerated),Rana,,,Pasta & Packaged Food,100,g,270,9,45,6,,,,,"[""fresh"", ""egg"", ""pasta""]",09-01-26,09-01-26,"[""snack""]","[""wheat"", ""eggs""]","[""vegetarian""]","[""Wheat flour"", ""eggs""]"
359,Barilla Wholewheat Spaghetti (dry),Barilla,,Italian,Pasta & Packaged Food,75,g,255,11,52,2,,,,,"[""wholewheat"", ""higher-fiber""]",09-01-26,09-01-26,"[""snack""]","[""wheat""]","[""vegan""]","[""Whole durum wheat""]"
360,Gluten-Free Corn/Rice Pasta (dry),,,,Pasta & Packaged Food,75,g,270,5,60,1.5,,,,,"[""gluten-free"", ""pasta""]",09-01-26,09-01-26,"[""snack""]",[],"[""vegan"", ""gluten-free""]","[""Corn flour"", ""rice flour""]"
361,Knorr Pasta Side (Creamy Alfredo),Knorr,,,Pasta & Packaged Food,85,g,370,9,63,9,,,,,"[""instant"", ""alfredo"", ""mix""]",09-01-26,09-01-26,"[""snack""]","[""wheat"", ""milk""]","[""vegetarian""]","[""Pasta (wheat)"", ""dairy powder"", ""seasonings""]"
362,"Kraft Macaroni & Cheese (boxed, prepared)",Kraft,,,Pasta & Packaged Food,220,g,350,12,45,12,,,,,"[""boxed"", ""comfort-food""]",09-01-26,09-01-26,"[""snack""]","[""wheat"", ""milk""]","[""vegetarian""]","[""Pasta (wheat)"", ""cheese sauce mix""]"
363,Maggi Mac & Cheese Cups,Maggi,,,Pasta & Packaged Food,60,g,280,7,38,11,,,,,"[""microwave"", ""cup""]",09-01-26,09-01-26,"[""snack""]","[""wheat"", ""milk""]","[""vegetarian""]","[""Wheat pasta"", ""cheese powder""]"
364,Nissin Cup Noodles (Chicken),Nissin,,,Pasta & Packaged Food,64,g,290,7,39,12,,,,,"[""instant"", ""cup"", ""noodles""]",09-01-26,09-01-26,"[""snack""]","[""wheat"", ""soy""]",[],"[""Wheat noodles"", ""seasoning""]"
365,Nongshim Shin Ramyun,Nongshim,,Korean,Pasta & Packaged Food,120,g,500,10,78,16,,,,,"[""spicy"", ""ramen""]",09-01-26,09-01-26,"[""snack""]","[""wheat"", ""soy""]",[],"[""Wheat noodles"", ""chili seasoning""]"
366,Samyang Hot Chicken Ramen,Samyang,,Korean,Pasta & Packaged Food,140,g,530,11,80,18,,,,,"[""very-spicy"", ""ramen""]",09-01-26,09-01-26,"[""snack""]","[""wheat"", ""soy""]",[],"[""Wheat noodles"", ""spicy sauce""]"
367,Maggi 2-Minute Noodles (Curry),Maggi,,,Pasta & Packaged Food,70,g,320,7,45,12,,,,,"[""fast"", ""curry"", ""noodles""]",09-01-26,09-01-26,"[""snack""]","[""wheat""]","[""vegetarian""]","[""Wheat noodles"", ""curry seasoning""]"
368,Rice Vermicelli (dry),,,,Pasta & Packaged Food,75,g,260,4,58,0.5,,,,,"[""vermicelli"", ""gluten-free""]",09-01-26,09-01-26,"[""snack""]",[],"[""vegan"", ""gluten-free""]","[""Rice flour"", ""water""]"
369,Glass Noodles (Sweet Potato Starch),,,,Pasta & Packaged Food,75,g,260,0,65,0,,,,,"[""chewy"", ""noodles"", ""gluten-free""]",09-01-26,09-01-26,"[""snack""]",[],"[""vegan"", ""gluten-free""]","[""Sweet potato starch""]"
370,Soba Noodles,,,,Pasta & Packaged Food,90,g,320,12,65,2,,,,,"[""soba"", ""buckwheat""]",09-01-26,09-01-26,"[""snack""]","[""wheat""]","[""vegan""]","[""Buckwheat"", ""wheat flour""]"
371,Barilla Pesto Genovese,Barilla,,Italian,Pasta & Packaged Food,30,g,90,2,2,9,,,,,"[""pesto"", ""ready""]",09-01-26,09-01-26,"[""snack""]","[""milk"", ""tree nuts""]","[""vegetarian""]","[""Basil"", ""oils"", ""cheese"", ""nuts""]"
372,Saclà Vegan Pesto,Saclà,,,Pasta & Packaged Food,30,g,80,1,3,7,,,,,"[""vegan"", ""pesto""]",09-01-26,09-01-26,"[""snack""]","[""tree nuts""]","[""vegan""]","[""Basil"", ""oils"", ""nuts/legume base""]"
373,Mutti Passata (Tomato Purée),Mutti,,Italian,Pasta & Packaged Food,125,g,45,2,9,0,,,,,"[""tomato"", ""base"", ""smooth""]",09-01-26,09-01-26,"[""snack""]",[],"[""vegan"", ""gluten-free""]","[""Tomatoes""]"
374,Barilla Arrabbiata Sauce,Barilla,,Italian,Pasta & Packaged Food,125,g,90,2,12,4,,,,,"[""spicy"", ""tomato"", ""sauce""]",09-01-26,09-01-26,"[""snack""]",[],"[""vegan"", ""gluten-free""]","[""Tomatoes"", ""chili"", ""olive oil""]"
375,Barilla Bolognese Sauce,Barilla,,Italian,Pasta & Packaged Food,125,g,140,6,10,8,,,,,"[""meat"", ""bolognese""]",09-01-26,09-01-26,"[""snack""]",[],[],"[""Tomatoes"", ""beef"", ""oil"", ""spices""]"
376,"Heinz Tomato Soup (canned, prepared)",Heinz,,,Pasta & Packaged Food,250,g,190,5,32,5,,,,,"[""canned"", ""soup""]",09-01-26,09-01-26,"[""snack""]","[""wheat""]","[""vegetarian""]","[""Tomato"", ""flour"", ""sugar"", ""oil""]"
377,Campbell’s Cream of Mushroom (prepared),Campbell’s,,,Pasta & Packaged Food,250,g,200,5,18,12,,,,,"[""creamy"", ""soup"", ""base""]",09-01-26,09-01-26,"[""snack""]","[""wheat"", ""milk""]","[""vegetarian""]","[""Mushrooms"", ""cream/milk"", ""flour""]"
378,Campbell’s Chicken Noodle Soup (prepared),Campbell’s,,,Pasta & Packaged Food,250,g,160,7,20,6,,,,,"[""light"", ""soup""]",09-01-26,09-01-26,"[""snack""]","[""wheat""]",[],"[""Chicken broth"", ""noodles""]"
379,Chef Boyardee Beef Ravioli,Chef Boyardee,,,Pasta & Packaged Food,220,g,330,12,46,10,,,,,"[""canned"", ""ravioli"", ""meal""]",09-01-26,09-01-26,"[""snack""]","[""wheat""]",[],"[""Pasta (wheat)"", ""beef"", ""tomato sauce""]"
380,Chef Boyardee Spaghetti & Meatballs,Chef Boyardee,,,Pasta & Packaged Food,220,g,320,13,44,9,,,,,"[""canned"", ""spaghetti"", ""meal""]",09-01-26,09-01-26,"[""snack""]","[""wheat""]",[],"[""Pasta (wheat)"", ""meatballs""]"
381,Barilla Ready Pasta (Microwave Pouch),Barilla,,Italian,Pasta & Packaged Food,250,g,360,12,70,3,,,,,"[""microwave"", ""pouch""]",09-01-26,09-01-26,"[""snack""]","[""wheat""]","[""vegan""]","[""Cooked durum wheat pasta""]"
382,Uncle Ben’s Microwave Rice (Basmati),Uncle Ben’s,,,Pasta & Packaged Food,250,g,380,8,84,2,,,,,"[""microwave"", ""rice""]",09-01-26,09-01-26,"[""snack""]",[],"[""vegan"", ""gluten-free""]","[""Cooked basmati rice""]"
383,Maggi Tomato & Basil Instant Soup,Maggi,,,Pasta & Packaged Food,25,g,90,2,16,2,,,,,"[""instant"", ""soup""]",09-01-26,09-01-26,"[""snack""]",[],"[""vegetarian""]","[""Tomato powder"", ""starch"", ""herbs""]"
384,Knorr Lentil Soup Mix,Knorr,,,Pasta & Packaged Food,35,g,140,6,22,3,,,,,"[""soup"", ""mix""]",09-01-26,09-01-26,"[""snack""]",[],"[""vegan""]","[""Lentils"", ""spices"", ""starch""]"
385,Instant Oatmeal Sachet (Plain),,,,Pasta & Packaged Food,40,g,150,5,27,3,,,,,"[""quick"", ""oats""]",09-01-26,09-01-26,"[""breakfast""]",[],"[""vegan""]","[""Oats""]"
386,Instant Oatmeal Sachet (Apple Cinnamon),,,,Pasta & Packaged Food,43,g,170,4,32,3,,,,,"[""sweet"", ""oats""]",09-01-26,09-01-26,"[""breakfast""]",[],"[""vegetarian""]","[""Oats"", ""sugar"", ""apple flavor""]"
387,Barilla Orzo (Risoni),Barilla,,Italian,Pasta & Packaged Food,75,g,270,10,54,1.5,,,,,"[""orzo"", ""risoni""]",09-01-26,09-01-26,"[""snack""]","[""wheat""]","[""vegan""]","[""Durum wheat semolina""]"
388,Vermicelli Pasta (Wheat),,,,Pasta & Packaged Food,75,g,270,9,55,1.5,,,,,"[""vermicelli"", ""wheat""]",09-01-26,09-01-26,"[""snack""]","[""wheat""]","[""vegan""]","[""Wheat semolina""]"
389,Lebanese “Sha’riyeh” Toasted Vermicelli Pack,,Lebanese,,Pasta & Packaged Food,50,g,180,6,36,1,,,,,"[""sha’riyeh"", ""pantry""]",09-01-26,09-01-26,"[""snack""]","[""wheat""]","[""vegan""]","[""Wheat vermicelli""]"
390,Instant Mashed Potatoes (flakes),,,,Pasta & Packaged Food,60,g,220,4,45,2,,,,,"[""instant"", ""side""]",09-01-26,09-01-26,"[""snack""]",[],"[""vegan""]","[""Potato flakes"", ""salt""]"
391,Tilda Basmati Rice (dry),Tilda,,,Pasta & Packaged Food,75,g,270,5,60,0.5,,,,,"[""premium"", ""basmati""]",09-01-26,09-01-26,"[""snack""]",[],"[""vegan"", ""gluten-free""]","[""Basmati rice""]"
392,Sushi Rice (dry),,,,Pasta & Packaged Food,75,g,270,5,60,0.5,,,,,"[""sticky"", ""sushi""]",09-01-26,09-01-26,"[""snack""]",[],"[""vegan"", ""gluten-free""]","[""Short grain rice""]"
393,Instant Couscous Cup,,,,Pasta & Packaged Food,70,g,250,8,50,2,,,,,"[""instant"", ""couscous""]",09-01-26,09-01-26,"[""snack""]","[""wheat""]","[""vegan""]","[""Wheat semolina"", ""seasoning""]"
394,Barilla Gnocchi (shelf pack),Barilla,,Italian,Pasta & Packaged Food,125,g,210,5,45,1,,,,,"[""gnocchi"", ""shelf-stable""]",09-01-26,09-01-26,"[""snack""]","[""wheat""]","[""vegan""]","[""Potatoes"", ""wheat flour""]"
395,"Tortellini (Cheese, refrigerated)",,,,Pasta & Packaged Food,125,g,320,14,38,12,,,,,"[""stuffed"", ""pasta""]",09-01-26,09-01-26,"[""snack""]","[""wheat"", ""milk"", ""eggs""]","[""vegetarian""]","[""Wheat pasta"", ""cheese filling""]"
396,"Tortellini (Meat, refrigerated)",,,,Pasta & Packaged Food,125,g,340,16,36,14,,,,,"[""stuffed"", ""pasta"", ""meat""]",09-01-26,09-01-26,"[""snack""]","[""wheat"", ""eggs""]",[],"[""Wheat pasta"", ""meat filling""]"
397,Instant Falafel Mix (Dry),,,,Pasta & Packaged Food,50,g,180,8,28,4,,,,,"[""instant"", ""falafel"", ""mix""]",09-01-26,09-01-26,"[""snack""]","[""sesame""]","[""vegan""]","[""Chickpea flour"", ""spices""]"
398,Instant Mujadara Mix (Rice & Lentils),,Lebanese,Lebanese,Pasta & Packaged Food,80,g,280,10,55,3,,,,,"[""instant"", ""mujadara""]",09-01-26,09-01-26,"[""snack""]",[],"[""vegan"", ""gluten-free""]","[""Rice"", ""lentils"", ""onion powder""]"
399,Instant Tabbouleh Mix (Dry),,Lebanese,Lebanese,Pasta & Packaged Food,60,g,220,6,42,3,,,,,"[""instant"", ""tabbouleh""]",09-01-26,09-01-26,"[""snack""]","[""wheat""]","[""vegan""]","[""Bulgur"", ""spices"", ""dried herbs""]"
400,Ready-to-Eat Freekeh Pilaf Pack,,Lebanese,Lebanese,Pasta & Packaged Food,250,g,380,12,70,6,,,,,"[""ready-to-eat"", ""pilaf""]",09-01-26,09-01-26,"[""snack""]","[""wheat""]","[""vegan""]","[""Cooked freekeh"", ""oil"", ""spices""]"
401,Kellogg’s Corn Flakes,Kellogg’s,,,Cereal,30,g,110,2,25,0,,,,,"[""classic"", ""flakes""]",09-01-26,09-01-26,"[""breakfast""]",[],"[""vegan"", ""gluten-free""]","[""Corn"", ""sugar"", ""salt"", ""vitamins""]"
402,Nestlé Fitness Original,Nestlé,,,Cereal,30,g,115,3,23,1.5,,,,,"[""light"", ""flakes""]",09-01-26,09-01-26,"[""breakfast""]","[""wheat""]","[""vegetarian""]","[""Whole wheat"", ""rice"", ""sugar"", ""vitamins""]"
403,Kellogg’s Special K Original,Kellogg’s,,,Cereal,30,g,113,3,22,0.5,,,,,"[""high-iron"", ""cereal""]",09-01-26,09-01-26,"[""breakfast""]","[""wheat""]","[""vegetarian""]","[""Rice"", ""wheat"", ""sugar"", ""vitamins""]"
404,Kellogg’s Rice Krispies,Kellogg’s,,,Cereal,33,g,120,2,28,0,,,,,"[""crispy"", ""rice""]",09-01-26,09-01-26,"[""breakfast""]",[],"[""vegan""]","[""Rice"", ""sugar"", ""salt""]"
405,Nestlé Cheerios (Original),Nestlé,,,Cereal,30,g,110,3,22,2,,,,,"[""oat"", ""rings""]",09-01-26,09-01-26,"[""breakfast""]","[""wheat""]","[""vegetarian""]","[""Whole grain oats"", ""corn starch""]"
406,Nestlé Nesquik Cereal,Nestlé,,,Cereal,30,g,120,2.5,24,1.5,,,,,"[""chocolate"", ""cereal""]",09-01-26,09-01-26,"[""breakfast""]","[""wheat""]","[""vegetarian""]","[""Whole grains"", ""cocoa"", ""sugar""]"
407,Kellogg’s Coco Pops,Kellogg’s,,,Cereal,30,g,115,2,25,1,,,,,"[""chocolate"", ""rice""]",09-01-26,09-01-26,"[""breakfast""]",[],"[""vegetarian""]","[""Rice"", ""cocoa"", ""sugar""]"
408,Kellogg’s Frosties,Kellogg’s,,,Cereal,30,g,115,2,26,0,,,,,"[""sweet"", ""frosted""]",09-01-26,09-01-26,"[""breakfast""]","[""wheat""]","[""vegetarian""]","[""Corn"", ""sugar"", ""malt flavor""]"
409,Nestlé Lion Cereal,Nestlé,,,Cereal,30,g,130,3,24,3,,,,,"[""caramel"", ""crunchy""]",09-01-26,09-01-26,"[""breakfast""]","[""wheat"", ""milk""]","[""vegetarian""]","[""Wheat"", ""caramel"", ""cocoa""]"
410,Nestlé KitKat Cereal,Nestlé,,,Cereal,30,g,125,2.5,24,2.5,,,,,"[""wafer-inspired"", ""cereal""]",09-01-26,09-01-26,"[""breakfast""]","[""wheat"", ""milk""]","[""vegetarian""]","[""Wheat"", ""cocoa"", ""sugar""]"
411,Weetabix Original,Weetabix,,,Cereal,37.5,g,136,4.5,26,0.9,,,,,"[""high-fiber"", ""biscuits""]",09-01-26,09-01-26,"[""breakfast""]","[""wheat""]","[""vegan""]","[""Whole wheat""]"
412,Alpen Original Muesli,Alpen,,,Cereal,45,g,170,5,30,3,,,,,"[""muesli"", ""fruit"", ""nut""]",09-01-26,09-01-26,"[""breakfast""]","[""wheat"", ""tree nuts""]","[""vegetarian""]","[""Oats"", ""wheat"", ""raisins"", ""nuts""]"
413,Kellogg’s All-Bran,Kellogg’s,,,Cereal,40,g,140,5,28,1.5,,,,,"[""high-fiber"", ""bran""]",09-01-26,09-01-26,"[""breakfast""]","[""wheat""]","[""vegan""]","[""Wheat bran"", ""sugar"", ""vitamins""]"
414,Kellogg’s Bran Flakes,Kellogg’s,,,Cereal,40,g,145,4,30,1,,,,,"[""bran"", ""flakes""]",09-01-26,09-01-26,"[""breakfast""]","[""wheat""]","[""vegetarian""]","[""Wheat bran"", ""sugar"", ""malt""]"
415,Quaker Oats (Rolled),Quaker,,,Cereal,40,g,150,5,27,3,,,,,"[""porridge"", ""oats""]",09-01-26,09-01-26,"[""breakfast""]","[""wheat""]","[""vegan""]","[""100% oats""]"
416,Quaker Instant Oatmeal (Plain),Quaker,,,Cereal,35,g,130,4,24,2.5,,,,,"[""instant"", ""oats""]",09-01-26,09-01-26,"[""breakfast""]","[""wheat""]","[""vegan""]","[""Oats""]"
417,Quaker Oatmeal (Apple Cinnamon),Quaker,,,Cereal,43,g,170,4,32,3,,,,,"[""sweet"", ""instant"", ""oats""]",09-01-26,09-01-26,"[""breakfast""]","[""wheat""]","[""vegetarian""]","[""Oats"", ""sugar"", ""flavor""]"
418,Nestlé Fitness Granola Honey Almond,Nestlé,,,Cereal,45,g,200,5,30,7,,,,,"[""granola"", ""honey"", ""almond""]",09-01-26,09-01-26,"[""breakfast""]","[""wheat"", ""tree nuts""]","[""vegetarian""]","[""Oats"", ""honey"", ""almonds""]"
419,Nature Valley Oats & Honey Granola,Nature Valley,,,Cereal,55,g,240,5,40,7,,,,,"[""bagged"", ""granola""]",09-01-26,09-01-26,"[""breakfast""]","[""wheat""]","[""vegetarian""]","[""Oats"", ""honey"", ""oil""]"
420,Jordans Country Crisp (Strawberry),Jordans,,,Cereal,45,g,190,4,34,5,,,,,"[""fruity"", ""granola""]",09-01-26,09-01-26,"[""breakfast""]","[""wheat""]","[""vegetarian""]","[""Oats"", ""dried fruit""]"
421,Kellogg’s Granola Chocolate,Kellogg’s,,,Cereal,45,g,210,5,33,7,,,,,"[""chocolate"", ""granola""]",09-01-26,09-01-26,"[""breakfast""]","[""wheat""]","[""vegetarian""]","[""Oats"", ""cocoa"", ""sugar""]"
422,Kellogg’s Granola Raisin,Kellogg’s,,,Cereal,45,g,200,5,35,6,,,,,"[""raisin"", ""granola""]",09-01-26,09-01-26,"[""breakfast""]","[""wheat""]","[""vegetarian""]","[""Oats"", ""raisins"", ""sugar""]"
423,Nestlé Cini Minis,Nestlé,,,Cereal,30,g,125,2.5,25,2,,,,,"[""cinnamon"", ""cereal""]",09-01-26,09-01-26,"[""breakfast""]","[""wheat""]","[""vegetarian""]","[""Wheat"", ""cinnamon"", ""sugar""]"
424,Kellogg’s Fruit ‘n Fibre,Kellogg’s,,,Cereal,45,g,170,4,30,3,,,,,"[""fiber"", ""dried-fruit""]",09-01-26,09-01-26,"[""breakfast""]","[""wheat"", ""tree nuts""]","[""vegetarian""]","[""Wheat flakes"", ""raisins"", ""nuts""]"
425,Kellogg’s Honey Loops,Kellogg’s,,,Cereal,30,g,118,2,26,1,,,,,"[""sweet"", ""loops""]",09-01-26,09-01-26,"[""breakfast""]",[],"[""vegetarian""]","[""Corn"", ""sugar"", ""honey flavor""]"
426,Kellogg’s Choco Krispies,Kellogg’s,,,Cereal,30,g,120,2,25,1.5,,,,,"[""chocolate"", ""puffs""]",09-01-26,09-01-26,"[""breakfast""]",[],"[""vegetarian""]","[""Rice"", ""cocoa"", ""sugar""]"
427,Nestlé Gold Corn Flakes,Nestlé,,,Cereal,30,g,112,2,25,0.5,,,,,"[""flakes"", ""alternative""]",09-01-26,09-01-26,"[""breakfast""]",[],"[""vegan""]","[""Corn"", ""sugar"", ""salt""]"
428,Carrefour Corn Flakes (Store Brand),Carrefour,,,Cereal,30,g,112,2,25,0.5,,,,,"[""store-brand"", ""flakes""]",09-01-26,09-01-26,"[""breakfast""]",[],"[""vegan""]","[""Corn"", ""sugar"", ""salt""]"
429,Carrefour Muesli (Fruit),Carrefour,,,Cereal,45,g,175,5,32,3,,,,,"[""store-brand"", ""muesli""]",09-01-26,09-01-26,"[""breakfast""]","[""wheat""]","[""vegetarian""]","[""Oats"", ""wheat"", ""dried fruit""]"
430,Carrefour Chocolate Cereal,Carrefour,,,Cereal,30,g,125,2,24,2.5,,,,,"[""store-brand"", ""chocolate""]",09-01-26,09-01-26,"[""breakfast""]","[""wheat""]","[""vegetarian""]","[""Wheat/corn"", ""cocoa"", ""sugar""]"
431,Nestlé Shreddies Original,Nestlé,,,Cereal,40,g,150,4,30,2,,,,,"[""malted"", ""squares""]",09-01-26,09-01-26,"[""breakfast""]","[""wheat""]","[""vegan""]","[""Whole grain wheat""]"
432,Kellogg’s Crunchy Nut,Kellogg’s,,,Cereal,30,g,132,2.5,24,3.5,,,,,"[""sweet"", ""nutty""]",09-01-26,09-01-26,"[""breakfast""]","[""peanuts"", ""wheat""]","[""vegetarian""]","[""Corn flakes"", ""peanuts"", ""sugar""]"
433,Kellogg’s Chocos,Kellogg’s,,,Cereal,30,g,125,3,24,2,,,,,"[""chocolate"", ""shells""]",09-01-26,09-01-26,"[""breakfast""]","[""wheat""]","[""vegetarian""]","[""Whole grains"", ""cocoa"", ""sugar""]"
434,Kellogg’s Froot Loops,Kellogg’s,,,Cereal,30,g,110,2,25,1,,,,,"[""colorful"", ""loops""]",09-01-26,09-01-26,"[""breakfast""]",[],"[""vegetarian""]","[""Corn"", ""sugar"", ""fruit flavors""]"
435,Nestlé Cookie Crisp,Nestlé,,,Cereal,30,g,130,2.5,25,2.5,,,,,"[""cookie-like"", ""cereal""]",09-01-26,09-01-26,"[""breakfast""]","[""wheat""]","[""vegetarian""]","[""Wheat"", ""sugar"", ""cocoa""]"
436,Oat Bran Cereal,,,,Cereal,40,g,150,5,28,3,,,,,"[""fiber-forward"", ""cereal""]",09-01-26,09-01-26,"[""breakfast""]","[""wheat""]","[""vegan""]","[""Oat bran""]"
437,Gluten-Free Oat Cereal (Certified),,,,Cereal,30,g,115,3,22,2,,,,,"[""certified"", ""gluten-free""]",09-01-26,09-01-26,"[""breakfast""]",[],"[""vegan"", ""gluten-free""]","[""GF oats"", ""corn""]"
438,Corn Pops (Sweet Corn Cereal),,,,Cereal,30,g,118,1.5,27,0.5,,,,,"[""sweet"", ""crunchy""]",09-01-26,09-01-26,"[""breakfast""]",[],"[""vegetarian""]","[""Corn"", ""sugar"", ""oil""]"
439,Granola Clusters (Berry),,,,Cereal,45,g,200,4,32,7,,,,,"[""berry"", ""clusters""]",09-01-26,09-01-26,"[""breakfast""]","[""wheat""]","[""vegetarian""]","[""Oats"", ""dried berries"", ""oil""]"
440,Protein Granola (Chocolate),,,,Cereal,50,g,220,10,28,8,,,,,"[""protein"", ""granola""]",09-01-26,09-01-26,"[""breakfast""]","[""milk""]","[""vegetarian""]","[""Oats"", ""whey/pea protein"", ""cocoa""]"
441,Kids Multigrain Cereal Rings,,,,Cereal,30,g,115,3,24,1.5,,,,,"[""kids"", ""multigrain""]",09-01-26,09-01-26,"[""breakfast""]","[""wheat""]","[""vegetarian""]","[""Oats"", ""corn"", ""rice""]"
442,Millet Flakes,,,,Cereal,35,g,130,4,28,1,,,,,"[""millet"", ""gluten-free""]",09-01-26,09-01-26,"[""breakfast""]",[],"[""vegan"", ""gluten-free""]","[""Millet""]"
443,Buckwheat Flakes,,,,Cereal,35,g,125,4,26,1,,,,,"[""buckwheat"", ""gluten-free""]",09-01-26,09-01-26,"[""breakfast""]",[],"[""vegan"", ""gluten-free""]","[""Buckwheat""]"
444,Rice Flakes (Plain),,,,Cereal,35,g,130,3,29,0.5,,,,,"[""plain"", ""rice"", ""flakes""]",09-01-26,09-01-26,"[""breakfast""]",[],"[""vegan"", ""gluten-free""]","[""Rice""]"
445,Cornmeal Porridge Mix,,,,Cereal,40,g,150,3,33,1,,,,,"[""hot"", ""cereal"", ""porridge""]",09-01-26,09-01-26,"[""breakfast""]",[],"[""vegan"", ""gluten-free""]","[""Cornmeal"", ""salt""]"
446,Chocolate Muesli,,,,Cereal,45,g,190,5,32,5,,,,,"[""cocoa"", ""muesli""]",09-01-26,09-01-26,"[""breakfast""]","[""wheat"", ""tree nuts""]","[""vegetarian""]","[""Oats"", ""wheat"", ""cocoa"", ""nuts (varies)""]"
447,Date & Nut Granola,,,,Cereal,45,g,210,5,28,9,,,,,"[""date"", ""nut"", ""granola""]",09-01-26,09-01-26,"[""breakfast""]","[""wheat"", ""tree nuts""]","[""vegetarian""]","[""Oats"", ""dates"", ""nuts""]"
448,Honey Wheat Biscuits Cereal,,,,Cereal,40,g,150,4,30,2,,,,,"[""biscuit-style"", ""cereal""]",09-01-26,09-01-26,"[""breakfast""]","[""wheat""]","[""vegetarian""]","[""Whole wheat"", ""honey flavor""]"
449,Cinnamon Oat Clusters,,,,Cereal,45,g,205,5,32,7,,,,,"[""cinnamon"", ""clusters""]",09-01-26,09-01-26,"[""breakfast""]","[""wheat""]","[""vegan""]","[""Oats"", ""cinnamon"", ""oil""]"
450,Plain Muesli (No Added Sugar),,,,Cereal,45,g,170,6,30,3,,,,,"[""lower-sugar"", ""muesli""]",09-01-26,09-01-26,"[""breakfast""]","[""wheat""]","[""vegan""]","[""Oats"", ""wheat"", ""dried fruit (no sugar)""]"
451,Taanayel Les Fermes Fresh Full-Fat Milk,Taanayel Les Fermes,Lebanese,,Milk & Dairy Products,250,ml,160,8,12,8,,,,,"[""fresh"", ""lebanese"", ""milk""]",09-01-26,09-01-26,"[""snack""]","[""milk""]","[""vegetarian"", ""gluten-free""]","[""Cow’s milk""]"
452,Liban Lait Full Cream UHT Milk,Liban Lait,Lebanese,,Milk & Dairy Products,250,ml,155,8,12,8,,,,,"[""uht"", ""shelf-stable""]",09-01-26,09-01-26,"[""snack""]","[""milk""]","[""vegetarian"", ""gluten-free""]","[""Cow’s milk""]"
453,Candia UHT Semi-Skimmed Milk,Candia,,,Milk & Dairy Products,250,ml,120,8,12,4,,,,,"[""uht"", ""lower-fat""]",09-01-26,09-01-26,"[""snack""]","[""milk""]","[""vegetarian"", ""gluten-free""]","[""Cow’s milk""]"
454,Lactel Lactose-Free Milk,Lactel,,,Milk & Dairy Products,250,ml,130,8,13,4,,,,,"[""lactose-free""]",09-01-26,09-01-26,"[""snack""]","[""milk""]","[""vegetarian"", ""gluten-free""]","[""Lactose-free cow’s milk""]"
455,Nido Full Cream Milk Powder (reconstituted),Nido,,,Milk & Dairy Products,250,ml,165,8,13,8,,,,,"[""milk-powder"", ""reconstituted""]",09-01-26,09-01-26,"[""snack""]","[""milk""]","[""vegetarian"", ""gluten-free""]","[""Milk powder""]"
456,Almarai Fresh Milk Full Fat,Almarai,,,Milk & Dairy Products,250,ml,160,8,12,8,,,,,"[""fresh"", ""milk""]",09-01-26,09-01-26,"[""snack""]","[""milk""]","[""vegetarian"", ""gluten-free""]","[""Cow’s milk""]"
457,Almarai Fresh Milk Low Fat,Almarai,,,Milk & Dairy Products,250,ml,110,8,12,2,,,,,"[""low-fat"", ""milk""]",09-01-26,09-01-26,"[""snack""]","[""milk""]","[""vegetarian"", ""gluten-free""]","[""Cow’s milk""]"
458,Puck UHT Cooking Cream,Puck,,,Milk & Dairy Products,100,ml,280,3,4,28,,,,,"[""cooking"", ""cream""]",09-01-26,09-01-26,"[""snack""]","[""milk""]","[""vegetarian"", ""keto"", ""gluten-free""]","[""Cream"", ""stabilizers""]"
459,Puck Whipping Cream,Puck,,,Milk & Dairy Products,100,ml,320,2,3,35,,,,,"[""whipping"", ""cream""]",09-01-26,09-01-26,"[""snack""]","[""milk""]","[""vegetarian"", ""keto"", ""gluten-free""]","[""Cream""]"
460,Nestlé Cream (Table Cream),Nestlé,,,Milk & Dairy Products,100,ml,260,3,5,24,,,,,"[""table-cream"", ""canned""]",09-01-26,09-01-26,"[""snack""]","[""milk""]","[""vegetarian"", ""keto"", ""gluten-free""]","[""Cream"", ""milk solids""]"
461,Taanayel Laban (Yogurt Drink Base),Taanayel,Lebanese,,Milk & Dairy Products,250,ml,140,8,10,7,,,,,"[""tangy"", ""laban""]",09-01-26,09-01-26,"[""snack""]","[""milk""]","[""vegetarian"", ""gluten-free""]","[""Fermented milk""]"
462,"Ayran (Plain, bottled)",,,,Milk & Dairy Products,250,ml,80,5,4,5,,,,,"[""salty"", ""yogurt-drink""]",09-01-26,09-01-26,"[""snack""]","[""milk""]","[""vegetarian"", ""gluten-free""]","[""Yogurt"", ""water"", ""salt""]"
463,Kefir (Plain),,,,Milk & Dairy Products,250,ml,140,8,12,7,,,,,"[""probiotic"", ""fermented""]",09-01-26,09-01-26,"[""snack""]","[""milk""]","[""vegetarian"", ""gluten-free""]","[""Fermented milk cultures""]"
464,Danone Activia Yogurt (Plain),Danone,,,Milk & Dairy Products,125,g,95,4,12,3,,,,,"[""probiotic"", ""yogurt""]",09-01-26,09-01-26,"[""snack""]","[""milk""]","[""vegetarian"", ""gluten-free""]","[""Milk"", ""cultures""]"
465,Danone Yogurt Strawberry,Danone,,,Milk & Dairy Products,125,g,120,4,18,4,,,,,"[""fruit"", ""yogurt""]",09-01-26,09-01-26,"[""snack""]","[""milk""]","[""vegetarian"", ""gluten-free""]","[""Milk"", ""strawberry"", ""sugar""]"
466,Taanayel Plain Yogurt (Full Fat),Taanayel,Lebanese,,Milk & Dairy Products,170,g,140,7,8,9,,,,,"[""lebanese-style"", ""yogurt""]",09-01-26,09-01-26,"[""snack""]","[""milk""]","[""vegetarian"", ""gluten-free""]","[""Milk"", ""cultures""]"
467,"Greek Yogurt (Plain, 2% fat)",,,,Milk & Dairy Products,170,g,130,16,7,4,,,,,"[""high-protein"", ""greek-yogurt""]",09-01-26,09-01-26,"[""snack""]","[""milk""]","[""vegetarian"", ""gluten-free""]","[""Milk"", ""cultures""]"
468,Labneh (Full Fat),,Lebanese,Lebanese,Milk & Dairy Products,60,g,120,4,3,10,,,,,"[""labneh"", ""breakfast-staple""]",09-01-26,09-01-26,"[""breakfast""]","[""milk""]","[""vegetarian"", ""keto"", ""gluten-free""]","[""Strained yogurt"", ""salt""]"
469,Labneh Light,,Lebanese,Lebanese,Milk & Dairy Products,60,g,80,6,4,4,,,,,"[""light"", ""labneh""]",09-01-26,09-01-26,"[""breakfast""]","[""milk""]","[""vegetarian"", ""gluten-free""]","[""Strained yogurt"", ""salt""]"
470,Labneh Balls in Olive Oil,,Lebanese,Lebanese,Milk & Dairy Products,50,g,180,4,2,18,,,,,"[""mezze"", ""jar""]",09-01-26,09-01-26,"[""snack""]","[""milk""]","[""vegetarian"", ""keto"", ""gluten-free""]","[""Labneh balls"", ""olive oil"", ""herbs""]"
471,Akkawi Cheese (Brined),,Lebanese,Lebanese,Milk & Dairy Products,50,g,160,9,2,13,,,,,"[""white-cheese"", ""brined""]",09-01-26,09-01-26,"[""snack""]","[""milk""]","[""vegetarian"", ""keto"", ""gluten-free""]","[""Cow’s milk"", ""salt"", ""rennet""]"
472,Halloumi Cheese,,Lebanese,Lebanese,Milk & Dairy Products,50,g,160,10,2,13,,,,,"[""grilling"", ""cheese""]",09-01-26,09-01-26,"[""snack""]","[""milk""]","[""vegetarian"", ""keto"", ""gluten-free""]","[""Milk"", ""salt"", ""rennet"", ""mint (optional)""]"
473,Baladi Cheese (Fresh),,Lebanese,Lebanese,Milk & Dairy Products,50,g,140,9,2,11,,,,,"[""fresh"", ""local"", ""cheese""]",09-01-26,09-01-26,"[""snack""]","[""milk""]","[""vegetarian"", ""keto"", ""gluten-free""]","[""Fresh cow/sheep milk cheese""]"
474,Feta Cheese (Brined),,,,Milk & Dairy Products,50,g,130,7,2,10,,,,,"[""salad"", ""cheese""]",09-01-26,09-01-26,"[""snack""]","[""milk""]","[""vegetarian"", ""keto"", ""gluten-free""]","[""Sheep/cow milk"", ""salt""]"
475,Kashkaval Cheese (Yellow),,,,Milk & Dairy Products,30,g,110,7,1,9,,,,,"[""melting"", ""cheese""]",09-01-26,09-01-26,"[""snack""]","[""milk""]","[""vegetarian"", ""keto"", ""gluten-free""]","[""Cow’s milk"", ""cultures""]"
476,Mozzarella (Block/Shredded),,,,Milk & Dairy Products,30,g,85,6,1,6,,,,,"[""pizza"", ""cheese""]",09-01-26,09-01-26,"[""snack""]","[""milk""]","[""vegetarian"", ""keto"", ""gluten-free""]","[""Milk"", ""cultures"", ""rennet""]"
477,Cheddar Cheese (Sliced),,,,Milk & Dairy Products,30,g,120,7,0.5,10,,,,,"[""sandwich"", ""cheese""]",09-01-26,09-01-26,"[""snack""]","[""milk""]","[""vegetarian"", ""keto"", ""gluten-free""]","[""Milk"", ""cultures""]"
478,Cream Cheese Spread,,,,Milk & Dairy Products,30,g,100,2,2,9,,,,,"[""spread"", ""cream-cheese""]",09-01-26,09-01-26,"[""snack""]","[""milk""]","[""vegetarian"", ""keto"", ""gluten-free""]","[""Milk"", ""cream"", ""salt""]"
479,Processed Cheese Triangles,,,,Milk & Dairy Products,35,g,110,5,2,9,,,,,"[""kids"", ""triangles""]",09-01-26,09-01-26,"[""snack""]","[""milk""]","[""vegetarian"", ""keto"", ""gluten-free""]","[""Cheese"", ""emulsifiers""]"
480,Cheese Slices (Processed),,,,Milk & Dairy Products,20,g,65,4,1,5,,,,,"[""processed"", ""slices""]",09-01-26,09-01-26,"[""snack""]","[""milk""]","[""vegetarian"", ""keto"", ""gluten-free""]","[""Cheese"", ""emulsifiers""]"
481,Butter (Salted),,,,Milk & Dairy Products,10,g,72,0,0,8,,,,,"[""butter"", ""salted""]",09-01-26,09-01-26,"[""snack""]","[""milk""]","[""vegetarian"", ""keto"", ""gluten-free""]","[""Butter""]"
482,Butter (Unsalted),,,,Milk & Dairy Products,10,g,72,0,0,8,,,,,"[""butter"", ""unsalted""]",09-01-26,09-01-26,"[""snack""]","[""milk""]","[""vegetarian"", ""keto"", ""gluten-free""]","[""Butter""]"
483,Ghee (Clarified Butter),,,,Milk & Dairy Products,10,g,90,0,0,10,,,,,"[""ghee"", ""clarified""]",09-01-26,09-01-26,"[""snack""]","[""milk""]","[""vegetarian"", ""keto"", ""gluten-free""]","[""Clarified butter""]"
484,Sour Cream,,,,Milk & Dairy Products,30,g,60,1,2,5,,,,,"[""sour-cream"", ""topping""]",09-01-26,09-01-26,"[""snack""]","[""milk""]","[""vegetarian"", ""keto"", ""gluten-free""]","[""Cream"", ""cultures""]"
485,Crème Fraîche,,,,Milk & Dairy Products,30,g,90,1,1,9,,,,,"[""creme-fraiche"", ""rich""]",09-01-26,09-01-26,"[""snack""]","[""milk""]","[""vegetarian"", ""keto"", ""gluten-free""]","[""Cream"", ""cultures""]"
486,Cottage Cheese,,,,Milk & Dairy Products,100,g,95,11,3,4,,,,,"[""high-protein"", ""cottage-cheese""]",09-01-26,09-01-26,"[""snack""]","[""milk""]","[""vegetarian"", ""gluten-free""]","[""Milk"", ""cultures""]"
487,Ricotta Cheese,,,,Milk & Dairy Products,60,g,105,7,3,7,,,,,"[""soft"", ""ricotta""]",09-01-26,09-01-26,"[""snack""]","[""milk""]","[""vegetarian"", ""gluten-free""]","[""Whey"", ""milk""]"
488,Mascarpone,,,,Milk & Dairy Products,30,g,130,1,1,14,,,,,"[""dessert"", ""mascarpone""]",09-01-26,09-01-26,"[""snack""]","[""milk""]","[""vegetarian"", ""keto"", ""gluten-free""]","[""Cream""]"
489,Parmesan (Grated),,,,Milk & Dairy Products,10,g,43,4,0,3,,,,,"[""parmesan"", ""topping""]",09-01-26,09-01-26,"[""snack""]","[""milk""]","[""vegetarian"", ""keto"", ""gluten-free""]","[""Milk"", ""cultures""]"
490,Gouda Cheese,,,,Milk & Dairy Products,30,g,110,7,1,9,,,,,"[""gouda"", ""mild""]",09-01-26,09-01-26,"[""snack""]","[""milk""]","[""vegetarian"", ""keto"", ""gluten-free""]","[""Milk"", ""cultures""]"
491,Danette Chocolate Pudding,Danette,,,Milk & Dairy Products,100,g,150,3,22,6,,,,,"[""pudding"", ""chocolate""]",09-01-26,09-01-26,"[""snack""]","[""milk""]","[""vegetarian""]","[""Milk"", ""cocoa"", ""sugar"", ""starch""]"
492,Rice Pudding (Mehallabieh style),,Lebanese,Lebanese,Milk & Dairy Products,150,g,220,6,35,6,,,,,"[""mehallabieh"", ""pudding""]",09-01-26,09-01-26,"[""snack""]","[""milk""]","[""vegetarian"", ""gluten-free""]","[""Milk"", ""rice"", ""sugar"", ""rose water""]"
493,Flan Caramel Dessert Cup,,,,Milk & Dairy Products,100,g,160,4,22,6,,,,,"[""custard"", ""caramel""]",09-01-26,09-01-26,"[""snack""]","[""milk"", ""eggs""]","[""vegetarian""]","[""Milk"", ""egg"", ""caramel""]"
494,Chocolate Milk (Bottle),,,,Milk & Dairy Products,250,ml,180,7,25,6,,,,,"[""chocolate"", ""milk""]",09-01-26,09-01-26,"[""snack""]","[""milk""]","[""vegetarian"", ""gluten-free""]","[""Milk"", ""cocoa"", ""sugar""]"
495,Strawberry Milk (Bottle),,,,Milk & Dairy Products,250,ml,160,6,24,5,,,,,"[""strawberry"", ""milk""]",09-01-26,09-01-26,"[""snack""]","[""milk""]","[""vegetarian"", ""gluten-free""]","[""Milk"", ""strawberry flavor"", ""sugar""]"
496,Babybel Mini Cheese,Babybel,,,Milk & Dairy Products,20,g,70,5,0,6,,,,,"[""portion"", ""snack-cheese""]",09-01-26,09-01-26,"[""snack""]","[""milk""]","[""vegetarian"", ""keto"", ""gluten-free""]","[""Milk"", ""cultures""]"
497,String Cheese Mozzarella,,,,Milk & Dairy Products,28,g,80,7,1,6,,,,,"[""string-cheese"", ""snack""]",09-01-26,09-01-26,"[""snack""]","[""milk""]","[""vegetarian"", ""keto"", ""gluten-free""]","[""Mozzarella cheese""]"
498,UHT Chocolate Cooking Cream (Small),,,,Milk & Dairy Products,100,ml,260,3,10,22,,,,,"[""dessert"", ""cooking-cream""]",09-01-26,09-01-26,"[""snack""]","[""milk""]","[""vegetarian""]","[""Cream"", ""cocoa"", ""sugar""]"
499,Whipped Cream (Spray can),,,,Milk & Dairy Products,15,g,45,0.3,1,4,,,,,"[""topping"", ""whipped-cream""]",09-01-26,09-01-26,"[""snack""]","[""milk""]","[""vegetarian""]","[""Cream"", ""sugar"", ""stabilizers""]"
500,Condensed Milk (Sweetened),,,,Milk & Dairy Products,30,g,95,2,16,2.5,,,,,"[""sweetened"", ""condensed""]",09-01-26,09-01-26,"[""snack""]","[""milk""]","[""vegetarian"", ""gluten-free""]","[""Milk"", ""sugar""]"
